id,value,LeastPrivilegeRole,adminConsentDescription,adminConsentDisplayName
ebfcd32b-babb-40f4-a14b-42706e83bd28,AccessReview.Read.All,Security Reader,"Allows the app to read access reviews, reviewers, decisions and settings that the signed-in user has access to in the organization.",Read all access reviews that user can access
e4aa47b9-9a69-4109-82ed-36ec70d85ff1,AccessReview.ReadWrite.All,Identity Governance Administrator,"Allows the app to read, update, delete and perform actions on access reviews, reviewers, decisions and settings that the signed-in user has access to in the organization.",Manage all access reviews that user can access
5af8c3f5-baca-439a-97b0-ea58a435e269,AccessReview.ReadWrite.Membership,Compliance Administrator,"Allows the app to read, update, delete and perform actions on access reviews, reviewers, decisions and settings for group and app memberships that the signed-in user has access to in the organization.",Manage access reviews for group and app memberships
3361d15d-be43-4de6-b441-3c746d05163d,AdministrativeUnit.Read.All,Directory Readers,Allows the app to read administrative units and administrative unit membership on behalf of the signed-in user.,Read administrative units
7b8a2d34-6b3f-4542-a343-54651608ad81,AdministrativeUnit.ReadWrite.All,User Administrator,"Allows the app to create, read, update, and delete administrative units and manage administrative unit membership on behalf of the signed-in user.",Read and write administrative units
af2819c9-df71-4dd3-ade7-4d7c9dc653b7,Agreement.Read.All,Global Reader,Allows the app to read terms of use agreements on behalf of the signed-in user.,Read all terms of use agreements
ef4b5d93-3104-4664-9053-a5c49ab44218,Agreement.ReadWrite.All,Compliance Administrator,Allows the app to read and write terms of use agreements on behalf of the signed-in user.,Read and write all terms of use agreements
0b7643bb-5336-476f-80b5-18fbfbc91806,AgreementAcceptance.Read,Compliance Administrator,Allows the app to read terms of use acceptance statuses on behalf of the signed-in user.,Read user terms of use acceptance statuses
a66a5341-e66e-4897-9d52-c2df58c2bfb9,AgreementAcceptance.Read.All,Global Reader,Allows the app to read terms of use acceptance statuses on behalf of the signed-in user.,Read terms of use acceptance statuses that user can access
1b6ff35f-31df-4332-8571-d31ea5a4893f,APIConnectors.Read.All,Global Reader,"Allows the app to read the API connectors used in user authentication flows, on behalf of the signed-in user.",Read API connectors for authentication flows
c67b52c5-7c69-48b6-9d48-7b3af3ded914,APIConnectors.ReadWrite.All,External ID User Flow Administrator,"Allows the app to read, create and manage the API connectors used in user authentication flows, on behalf of the signed-in user.",Read and write API connectors for authentication flows
1ca167d5-1655-44a1-8adf-1414072e1ef9,AppCatalog.ReadWrite.All,Application Administrator,"Allows the app to create, read, update, and delete apps in the app catalogs.",Read and write to all app catalogs
af281d3a-030d-4122-886e-146fb30a0413,AppCertTrustConfiguration.Read.All,Security Reader,"Allows the app to read the trusted certificate authority configuration which can be used to restrict application certificates based on their issuing authority, on behalf of the signed-in user.",Read the trusted certificate authority configuration for applications
4bae2ed4-473e-4841-a493-9829cfd51d48,AppCertTrustConfiguration.ReadWrite.All,Security Administrator,"Allows the app to create, read, update and delete the trusted certificate authority configuration which can be used to restrict application certificates based on their issuing authority, on behalf of the signed-in user.",Read and write the trusted certificate authority configuration for applications
ffa91d43-2ad8-45cc-b592-09caddeb24bb,Application-RemoteDesktopConfig.ReadWrite.All,Application Administrator,"Allows the app to read and write other apps' remote desktop security configuration, on behalf of the signed-in user.",Read and write the remote desktop security configuration for apps
c79f8feb-a9db-4090-85f9-90d820caa0eb,Application.Read.All,Directory Readers,Allows the app to read applications and service principals on behalf of the signed-in user.,Read applications
bdfbf15f-ee85-4955-8675-146e8e5296b5,Application.ReadWrite.All,Cloud Application Administrator,"Allows the app to create, read, update and delete applications and service principals on behalf of the signed-in user. Does not allow management of consent grants.",Read and write all applications
84bccea3-f856-4a8a-967b-dbe0a3d53a64,AppRoleAssignment.ReadWrite.All,Cloud Application Administrator,"Allows the app to manage permission grants for application permissions to any API (including Microsoft Graph) and application assignments for any app, on behalf of the signed-in user.",Manage app permission grants and app role assignments
b0df437d-d341-4df0-aa3e-89ca81a1207f,ApprovalSolution.Read,Compliance Data Administrator,Allows the app to read approvals on behalf of the signed-in user.,Read approvals
6768d3af-4562-48ff-82d2-c5e19eb21b9c,ApprovalSolution.ReadWrite,Identity Governance Administrator,"Allows the app to provision, read, create, and respond to approvals on behalf of the signed-in user.","Read, create, and respond to approvals"
89d944f2-2011-44ad-830c-aa9bf5ef2319,ApprovalSolutionResponse.ReadWrite,Compliance Administrator,Allows the app to read and respond to approvals on behalf of the signed-in user.,Read and respond to approvals assigned to the current user
104a7a4b-ca76-4677-b7e7-2f4bc482f381,AttackSimulation.Read.All,Attack Simulation Administrator,Allows the app to read attack simulation and training data for an organization for the signed-in user.,Read attack simulation data of an organization
e4c9e354-4dc5-45b8-9e7c-e1393b0b1a20,AuditLog.Read.All,Reports Reader,"Allows the app to read and query your audit log activities, on behalf of the signed-in user.",Read audit log data
ba78b16f-1e01-41b6-89ca-73e0a32b304c,AuditLogsQuery-CRM.Read.All,Reports Reader,"Allows the app to read and query audit logs from Dynamics CRM workload, on behalf of the signed-in user.",Read audit logs data from Dynamics CRM workload
ee3409fe-617f-43cf-bd1e-fc8b38049e69,AuditLogsQuery-Endpoint.Read.All,Reports Reader,"Allows the app to read and query audit logs from Endpoint Data Loss Prevention workload, on behalf of the signed-in user.",Read audit logs data from Endpoint Data Loss Prevention workload
5ff2f415-e0f1-4d11-bfd0-6d87c0f667fd,AuditLogsQuery-Entra.Read.All,Reports Reader,"Allows the app to read and query audit logs from Entra (Azure AD) workload, on behalf of the signed-in user.",Read audit logs data from Entra (Azure AD) workload
6c8c71d2-c7e1-45b0-ac6d-1d2724fba6ae,AuditLogsQuery-Exchange.Read.All,Reports Reader,"Allows the app to read and query audit logs from Exchange workload, on behalf of a signed-in user.",Read audit logs data from Exchange workload
4a72c235-a50d-4870-b598-fd88fd1fa074,AuditLogsQuery-OneDrive.Read.All,Reports Reader,"Allows the app to read and query audit logs from OneDrive workload, on behalf of a signed-in user.",Read audit logs data from OneDrive workload
30630b65-ed12-4a81-9130-e3a964109fae,AuditLogsQuery-SharePoint.Read.All,Reports Reader,"Allows the app to read and query audit logs from SharePoint workload, on behalf of a signed-in user.",Read audit logs data from SharePoint workload
1d9e7ac3-0eca-442c-82f9-e92625af6e6d,AuditLogsQuery.Read.All,Reports Reader,"Allows the app to read and query audit logs from all services, on behalf of a signed-in user",Read audit logs data from all services
57b030f1-8c35-469c-b0d9-e4a077debe70,AuthenticationContext.Read.All,Security Reader,Allows the app to read all authentication context information in your organization on behalf of the signed-in user.,Read all authentication context information
ba6d575a-1344-4516-b777-1404f5593057,AuthenticationContext.ReadWrite.All,Conditional Access Administrator,Allows the app to read and update all authentication context information in your organization on behalf of the signed-in user.,Read and write all authentication context information
444ed4b6-0554-4dc6-8e9c-3f9a34ee3ff6,BackupRestore-Configuration.Read.All,Microsoft 365 Backup Administrator,"Allows the app to read the backup configuration, and list of Microsoft 365 service resources to be backed-up, on behalf of the signed in user.",Read backup configuration policies
a0244d16-171c-4496-8ffb-7b9b6954d339,BackupRestore-Configuration.ReadWrite.All,Microsoft 365 Backup Administrator,"Allows the app to read and update the backup configuration, and list of Microsoft 365 service resources to be backed-up, on behalf of the signed in user.",Read and edit backup configuration policies
af598c63-4292-4437-b925-e996354d3854,BackupRestore-Control.Read.All,Microsoft 365 Backup Administrator,"Allows the app to read the status of M365 backup service (enable/disable), on behalf of the signed in user.",Read the status of the M365 backup service
96d46335-d92d-41b8-bc9f-273a692381ea,BackupRestore-Control.ReadWrite.All,Microsoft 365 Backup Administrator,"Allows the app to update or read the status of M365 backup service (enable/disable), on behalf of the signed in user.",Update or read the status of the M365 backup service
b4e98de1-4600-4e90-b5e1-7c1dfef04e5c,BackupRestore-Monitor.Read.All,Microsoft 365 Backup Administrator,"Allows the app to monitor backup and restore jobs, view quota usage and billing details, on behalf of the signed in user.","Read monitoring, quota and billing information for the tenant"
94b36f78-434f-4904-8c08-421d9a9c1dc2,BackupRestore-Restore.Read.All,Microsoft 365 Backup Administrator,"Allows the app to read restore sessions, on behalf of the signed in user.",Read restore sessions
9f89e109-94b9-4c9b-b4fc-98cdaa54f574,BackupRestore-Restore.ReadWrite.All,Microsoft 365 Backup Administrator,"Allows the app to search the backup snapshots for Microsoft 365 resources, and restore Microsoft 365 resources from a backed-up snapshot, on behalf of the signed in user.",Read restore sessions and start restore sessions from backups
2b24830f-f435-446f-ab5a-b1e70d9a2eb5,BackupRestore-Search.Read.All,Microsoft 365 Backup Administrator,"Allows the app to search the backup snapshots for Microsoft 365 resources, on behalf of the signed in user.",Search for metadata properties in backup snapshots
2bf6d319-dfca-4c22-9879-f88dcfaee6be,BillingConfiguration.ReadWrite.All,Billing Administrator,Allows the app to read and write the billing configuration on all applications on behalf of the signed-in user.,Read and write application billing configuration
b27a61ec-b99c-4d6a-b126-c4375d08ae30,BitlockerKey.Read.All,Security Reader,"Allows the app to read BitLocker keys on behalf of the signed-in user, for their owned devices. Allows read of the recovery key.",Read BitLocker keys
5a107bfc-4f00-4e1a-b67e-66451267bc68,BitlockerKey.ReadBasic.All,Security Reader,"Allows the app to read basic BitLocker key properties on behalf of the signed-in user, for their owned devices. Does not allow read of the recovery key itself.",Read BitLocker keys basic information
d16480b2-e469-4118-846b-d3d177327bee,BusinessScenarioConfig.Read.All,Global Reader,"Allows the app to read the configurations of your organization's business scenarios, on behalf of the signed-in user.",Read business scenario configurations
c47e7b6e-d6f1-4be9-9ffd-1e00f3e32892,BusinessScenarioConfig.Read.OwnedBy,Global Reader,"Allows the app to read the configurations of business scenarios it owns, on behalf of the signed-in user.",Read business scenario configurations this app creates or owns
755e785b-b658-446f-bb22-5a46abd029ea,BusinessScenarioConfig.ReadWrite.All,SharePoint Administrator,"Allows the app to read and write the configurations of your organization's business scenarios, on behalf of the signed-in user.",Read and write business scenario configurations
b3b7fcff-b4d4-4230-bf6f-90bd91285395,BusinessScenarioConfig.ReadWrite.OwnedBy,User,"Allows the app to create new business scenarios and fully manage the configurations of scenarios it owns, on behalf of the signed-in user.",Read and write business scenario configurations this app creates or owns
25b265c4-5d34-4e44-952d-b567f6d3b96d,BusinessScenarioData.Read.OwnedBy,User,Allows the app to read all data associated with the business scenarios it owns. Data access will be attributed to the signed-in user.,Read all data for business scenarios this app creates or owns
19932d57-2952-4c60-8634-3655c79fc527,BusinessScenarioData.ReadWrite.OwnedBy,User,Allows the app to fully manage all data associated with the business scenarios it owns. Data access and changes will be attributed to the signed-in user.,Read and write all data for business scenarios this app creates or owns
305b375b-00fe-48bf-81bc-e8d78954c1b6,CallDelegation.Read,Teams Telephony Administrator,Allows the app to read delegation settings of you,Read delegation settings
599abf67-f72b-4b5f-98a3-cb38fe646118,CallDelegation.ReadWrite,Teams Telephony Administrator,Allows the app to read and write delegation settings of you,Read and write delegation settings
43431c03-960e-400f-87c6-8f910321dca3,CallEvents.Read,Compliance Administrator,Allows the app to read call event information for an organization for the signed-in user.,Read call event data
101147cf-4178-4455-9d58-02b5c164e759,Channel.Create,Teams Administrator,"Create channels in any team, on behalf of the signed-in user.",Create channels
cc83893a-e232-4723-b5af-bd0b01bcfe65,Channel.Delete.All,Teams Administrator,"Delete channels in any team, on behalf of the signed-in user.",Delete channels
2eadaff8-0bce-4198-a6b9-2cfc35a30075,ChannelMember.Read.All,Directory Readers,"Read the members of channels, on behalf of the signed-in user.",Read the members of channels
0c3e411a-ce45-4cd1-8f30-f99a3efa7b11,ChannelMember.ReadWrite.All,Teams Administrator,"Add and remove members from channels, on behalf of the signed-in user. Also allows changing a member's role, for example from owner to non-owner.",Add and remove members from channels
767156cb-16ae-4d10-8f8b-41b657c8c8c8,ChannelMessage.Read.All,Security Reader,"Allows an app to read a channel's messages in Microsoft Teams, on behalf of the signed-in user.",Read user channel messages
5922d31f-46c8-4404-9eaf-2117e390a8a4,ChannelMessage.ReadWrite,Teams Administrator,"Allows the app to read and write channel messages, on behalf of the signed-in user. This doesn't allow the app to edit the policyViolation of a channel message.",Read and write user channel messages
233e0cf1-dd62-48bc-b65b-b38fe87fcf8e,ChannelSettings.Read.All,Teams Communications Support Specialist,"Read all channel names, channel descriptions, and channel settings, on behalf of the signed-in user.","Read the names, descriptions, and settings of channels"
d649fb7c-72b4-4eec-b2b4-b15acf79e378,ChannelSettings.ReadWrite.All,Teams Administrator,"Read and write the names, descriptions, and settings of all channels, on behalf of the signed-in user.","Read and write the names, descriptions, and settings of channels"
bb64e6fc-6b6d-4752-aea0-dd922dbba588,Chat.ManageDeletion.All,Teams Administrator,"Allows the app to delete and recover deleted chats, on behalf of the signed-in user.",Delete and recover deleted chats
7e9a077b-3711-42b9-b7cb-5fa5f3f7fea7,Chat.ReadWrite.All,Compliance Data Administrator,"Allows an app to read and write all one-to-one and group chats in Microsoft Teams, without a signed-in user. Does not allow sending messages.",Read and write all chat messages
c5a9e2b1-faf6-41d4-8875-d381aa549b24,ChatMember.Read,Compliance Administrator,"Read the members of chats, on behalf of the signed-in user.",Read the members of chats
dea13482-7ea6-488f-8b98-eb5bbecf033d,ChatMember.ReadWrite,Teams Administrator,"Add and remove members from chats, on behalf of the signed-in user.",Add and remove members from chats
9d77138f-f0e2-47ba-ab33-cd246c8b79d1,CloudPC.ReadWrite.All,Windows 365 Administrator,Allows the app to read and write the properties of Cloud PCs on behalf of the signed-in user.,Read and write Cloud PCs
12ae2e92-14b5-47b2-babb-4e890bbedc0a,Community.Read.All,Global Reader,"Allows the app to list Viva Engage communities, and to read their properties on behalf of the signed-in user.",Read all Viva Engage communities
9e69467d-e0e2-402b-a926-3d796990197f,Community.ReadWrite.All,Yammer Administrator,Allows the app to create Viva Engage communities and read all community properties on behalf of the signed-in user.,Read and write all Viva Engage communities
c645bb69-adc4-4242-b620-02e635f03bf6,ConfigurationMonitoring.Read.All,Compliance Data Administrator,Allows the app to read all Configuration Monitoring entities on behalf of the signed-in user.,Read all Configuration Monitoring entities
54505ce9-e719-41f7-a7cc-dbe114e1d811,ConfigurationMonitoring.ReadWrite.All,Compliance Administrator,Allows the app to read and write all Configuration Monitoring entities on behalf of the signed-in user.,Read and write all Configuration Monitoring entities
f2143d35-9b4b-480d-951c-d083e69eeb2c,ConsentRequest.Create,Cloud Application Administrator,Allows the app to read create consent requests on behalf of the signed-in user.,Create consent requests
f3bfad56-966e-4590-a536-82ecf548ac1e,ConsentRequest.Read.All,Reports Reader,Allows the app to read consent requests and approvals on behalf of the signed-in user.,Read consent requests
e694a3a1-7878-46d8-8c29-3d195f6589f4,ConsentRequest.ReadApprove.All,Compliance Administrator,Allows the app to read and approve consent requests on behalf of the signed in user.,Read and approve consent requests
497d9dfa-3bd1-481a-baab-90895e54568c,ConsentRequest.ReadWrite.All,Compliance Administrator,"Allows the app to read app consent requests and approvals, and deny or approve those requests on behalf of the signed-in user.",Read and write consent requests
aeb2982d-632d-4155-b533-18756ab6fdd8,CopilotSettings-LimitedMode.Read,AI Administrator,Allows the app to read organization-wide copilot limited mode setting on behalf of the signed-in user.,Read organization-wide copilot limited mode setting
4704e5b2-0ada-4aa0-b18c-00ad7525bc06,CopilotSettings-LimitedMode.ReadWrite,AI Administrator,Allows the app to read and write organization-wide copilot limited mode setting on behalf of the signed-in user.,Read and write organization-wide copilot limited mode setting
81594d25-e88e-49cf-ac8c-fecbff49f994,CrossTenantInformation.ReadBasic.All,Directory Readers,Allows the application to obtain basic tenant information about another target tenant within the Azure AD ecosystem on behalf of the signed-in user.,Read cross-tenant basic information
cb1ba48f-d22b-4325-a07f-74135a62ee41,CrossTenantUserProfileSharing.Read,Compliance Administrator,"Allows the application to list and query user profile information associated with the current tenant on behalf of the signed-in user.¶ÿ It also permits the application to export external user data (e.g. customer content or system-generated logs), associated with the current tenant on behalf of the signed-in user.",Read shared cross-tenant user profile and export data
759dcd16-3c90-463c-937e-abf89f991c18,CrossTenantUserProfileSharing.Read.All,Compliance Administrator,"Allows the application to list and query any shared user profile information associated with the current tenant on behalf of the signed-in user.¶ÿ It also permits the application to export external user data (e.g. customer content or system-generated logs), for any user associated with the current tenant on behalf of the signed-in user.",Read all shared cross-tenant user profiles and export their data
eed0129d-dc60-4f30-8641-daf337a39ffd,CrossTenantUserProfileSharing.ReadWrite,Identity Governance Administrator,"Allows the application to list and query user profile information associated with the current tenant on behalf of the signed-in user.¶ÿ It also permits the application to export and remove external user data (e.g. customer content or system-generated logs), associated with the current tenant on behalf of the signed-in user.",Read shared cross-tenant user profile and export or delete data
64dfa325-cbf8-48e3-938d-51224a0cac01,CrossTenantUserProfileSharing.ReadWrite.All,Compliance Administrator,"Allows the application to list and query any shared user profile information associated with the current tenant on behalf of the signed-in user.¶ÿ It also permits the application to export and remove external user data (e.g. customer content or system-generated logs), for any user associated with the current tenant on behalf of the signed-in user.",Read all shared cross-tenant user profiles and export or delete their data
b2052569-c98c-4f36-a5fb-43e5c111e6d0,CustomAuthenticationExtension.Read.All,Global Reader,Allows the app to read your organization's custom authentication extensions on behalf of the signed-in user.,Read your organization's custom authentication extensions
8dfcf82f-15d0-43b3-bc78-a958a13a5792,CustomAuthenticationExtension.ReadWrite.All,Authentication Extensibility Administrator,Allows the app to read or write your organization's custom authentication extensions on behalf of the signed-in user.,Read and write your organization's custom authentication extensions
b13ff42e-f321-4d7d-a462-141c46a1b832,CustomDetection.Read.All,Security Reader,Allows the app to read custom detection rules on behalf of the signed-in user.,Read custom detection rules
c34088fb-0649-4714-af0b-bcbfec155897,CustomDetection.ReadWrite.All,Compliance Administrator,Allows the app to read and write custom detection rules on behalf of the signed-in user.,Read and write custom detection rules
b46ffa80-fe3d-4822-9a1a-c200932d54d0,CustomSecAttributeAssignment.Read.All,Attribute Assignment Reader,Allows the app to read custom security attribute assignments for all principals in the tenant on behalf of a signed in user.,Read custom security attribute assignments
ca46335e-8453-47cd-a001-8459884efeae,CustomSecAttributeAssignment.ReadWrite.All,Attribute Assignment Administrator,Allows the app to read and write custom security attribute assignments for all principals in the tenant on behalf of a signed in user.,Read and write custom security attribute assignments
1fcdeaab-b519-44dd-bffc-ed1fd15a24e0,CustomSecAttributeAuditLogs.Read.All,Attribute Log Reader,"Allows the app to read audit logs for events that contain information about custom security attributes, on behalf of the signed-in user.",Read custom security attribute audit logs
ce026878-a0ff-4745-a728-d4fedd086c07,CustomSecAttributeDefinition.Read.All,Attribute Definition Reader,Allows the app to read custom security attribute definitions for the tenant on behalf of a signed in user.,Read custom security attribute definitions
8b0160d4-5743-482b-bb27-efc0a485ca4a,CustomSecAttributeDefinition.ReadWrite.All,Attribute Definition Administrator,Allows the app to read and write custom security attribute definitions for the tenant on behalf of a signed in user.,Read and write custom security attribute definitions
9ddd870d-077c-49e7-b3e3-6b3012a8a880,CustomSecAttributeProvisioning.Read.All,Attribute Provisioning Reader,Allows the app to read the provisioning configuration of all active custom security attributes on behalf of a signed in user.,Read the provisioning configuration of all active custom security attributes
1140d9e4-6776-433e-a9e4-b9831adbb2e0,CustomSecAttributeProvisioning.ReadWrite.All,Attribute Provisioning Administrator,Allows the app to read and edit the provisioning configuration of all active custom security attributes on behalf of a signed in user.,Read and edit the provisioning configuration of all active custom security attributes
de6ea87d-10bd-467c-8682-d525a0c61b89,CustomTags.Read.All,Compliance Administrator,Read custom tags data on behalf of the signed-in user,Read all custom tags data
2f1bbe0a-f34b-4efb-9edb-8db8dcb50eca,CustomTags.ReadWrite.All,Compliance Data Administrator,Read and write custom tags data on behalf of the signed-in user,Read and write custom tags data
0c0064ea-477b-4130-82a5-4c2cc4ff68aa,DelegatedAdminRelationship.Read.All,Directory Readers,Allows the app to read details of delegated admin relationships with customers like access details (that includes roles) and the duration as well as specific role assignments to security groups on behalf of the signed-in user.,Read Delegated Admin relationships with customers
885f682f-a990-4bad-a642-36736a74b0c7,DelegatedAdminRelationship.ReadWrite.All,Partner Tier2 Support,Allows the app to manage (create-update-terminate) Delegated Admin relationships with customers as well as role assignments to security groups for active Delegated Admin relationships on behalf of the signed-in user.,Manage Delegated Admin relationships with customers
a197cdc4-a8e8-4d49-9d35-4ca7c83887b4,DelegatedPermissionGrant.Read.All,Security Reader,"Allows the app to read delegated permission grants, on behalf of the signed in user.",Read delegated permission grants
41ce6ca6-6826-4807-84f1-1c82854f7ee5,DelegatedPermissionGrant.ReadWrite.All,Conditional Access Administrator,"Allows the app to manage permission grants for delegated permissions exposed by any API (including Microsoft Graph), on behalf of the signed in user.",Manage all delegated permission grants
edc92e89-a987-48a9-911a-a7b1967dd7b1,Device.CreateFromOwnedTemplate,Windows 365 Administrator,"Allows the app to create device objects based on device templates owned by the signed-in user, on behalf of the signed in user.",Create devices based on owned device templates
951183d1-1a61-466f-a6d1-1fde911bfd95,Device.Read.All,Directory Readers,Allows the app to read your organization's devices' configuration information on behalf of the signed-in user.,Read all devices
280b3b69-0437-44b1-bc20-3b2fca1ee3e9,DeviceLocalCredential.Read.All,Helpdesk Administrator,"Allows the app to read device local credential properties including passwords, on behalf of the signed-in user.",Read device local credential passwords
9917900e-410b-4d15-846e-42a357488545,DeviceLocalCredential.ReadBasic.All,Directory Readers,"Allows the app to read device local credential properties excluding passwords, on behalf of the signed-in user.",Read device local credential properties
4edf5f54-4666-44af-9de9-0144fb4b6e8c,DeviceManagementApps.Read.All,Intune Administrator,"Allows the app to read the properties, group assignments and status of apps, app configurations and app protection policies managed by Microsoft Intune.",Read Microsoft Intune apps
7b3f05d5-f68c-4b8d-8c59-a2ecd12f24af,DeviceManagementApps.ReadWrite.All,Intune Administrator,"Allows the app to read and write the properties, group assignments and status of apps, app configurations and app protection policies managed by Microsoft Intune.",Read and write Microsoft Intune apps
ac5c8443-d999-471f-9247-ce92cf5c5560,DeviceManagementCloudCA.Read.All,Compliance Administrator,Allows the app to read certification authority information on behalf of the signed-in user.,Read Microsoft Cloud PKI objects
93028c58-65aa-48db-a706-1fe4ada325ec,DeviceManagementCloudCA.ReadWrite.All,Compliance Administrator,Allows the app to read and write certification authority information on behalf of the signed-in user.,Read and write Microsoft Cloud PKI objects
f1493658-876a-4c87-8fa7-edb559b3476a,DeviceManagementConfiguration.Read.All,Intune Administrator,Allows the app to read properties of Microsoft Intune-managed device configuration and device compliance policies and their assignment to groups.,Read Microsoft Intune Device Configuration and Policies
0883f392-0a7a-443d-8c76-16a6d39c7b63,DeviceManagementConfiguration.ReadWrite.All,Intune Administrator,Allows the app to read and write properties of Microsoft Intune-managed device configuration and device compliance policies and their assignment to groups.,Read and write Microsoft Intune Device Configuration and Policies
3404d2bf-2b13-457e-a330-c24615765193,DeviceManagementManagedDevices.PrivilegedOperations.All,Intune Administrator,Allows the app to perform remote high impact actions such as wiping the device or resetting the passcode on devices managed by Microsoft Intune.,Perform user-impacting remote actions on Microsoft Intune devices
314874da-47d6-4978-88dc-cf0d37f0bb82,DeviceManagementManagedDevices.Read.All,Compliance Administrator,Allows the app to read the properties of devices managed by Microsoft Intune.,Read Microsoft Intune devices
44642bfe-8385-4adc-8fc6-fe3cb2c375c3,DeviceManagementManagedDevices.ReadWrite.All,Intune Administrator,Allows the app to read and write the properties of devices managed by Microsoft Intune. Does not allow high impact operations such as remote wipe and password reset on the deviceƒ??s owner.,Read and write Microsoft Intune devices
49f0cc30-024c-4dfd-ab3e-82e137ee5431,DeviceManagementRBAC.Read.All,Security Reader,Allows the app to read the properties relating to the Microsoft Intune Role-Based Access Control (RBAC) settings.,Read Microsoft Intune RBAC settings
0c5e8a55-87a6-4556-93ab-adc52c4d862d,DeviceManagementRBAC.ReadWrite.All,Intune Administrator,Allows the app to read and write the properties relating to the Microsoft Intune Role-Based Access Control (RBAC) settings.,Read and write Microsoft Intune RBAC settings
d32381d8-ee89-4220-9c83-b672aa68d404,DeviceManagementScripts.Read.All,Security Reader,"Allows the app to read Microsoft Intune device compliance scripts, device management scripts, device shell scripts, device custom attribute shell scripts and device health scripts on behalf of the signed in user.",Read Microsoft Intune Scripts
8b9d79d0-ad75-4566-8619-f7500ecfcebe,DeviceManagementScripts.ReadWrite.All,Intune Administrator,"Allows the app to read and write Microsoft Intune device compliance scripts, device management scripts, device shell scripts, device custom attribute shell scripts and device health scripts on behalf of the signed in user.",Read and write Microsoft Intune Scripts
8696daa5-bce5-4b2e-83f9-51b6defc4e1e,DeviceManagementServiceConfig.Read.All,Global Reader,Allows the app to read Microsoft Intune service properties including device enrollment and third party service connection configuration.,Read Microsoft Intune configuration
662ed50a-ac44-4eef-ad86-62eed9be2a29,DeviceManagementServiceConfig.ReadWrite.All,Intune Administrator,Allows the app to read and write Microsoft Intune service properties including device enrollment and third party service connection configuration.,Read and write Microsoft Intune configuration
0b1717ff-3e42-4a73-8c29-e6b2e1093960,DeviceTemplate.Create,Cloud Device Administrator,"Allows the app to create device templates on behalf of the signed in user. The user is marked as owners of the created device template. As a member of owners, the user will be allowed to manage devices created from the template.",Create device templates
2bcae0b0-aa93-48e4-a9e4-855482dffdcd,DeviceTemplate.Read.All,Cloud Device Administrator,"Allows the app to read all device templates, on behalf of the signed in user.",Read all device templates
2d372e98-f1ae-406c-a157-2ea83f6f5e4a,DeviceTemplate.ReadWrite.All,Cloud Device Administrator,"Allows the app to create, read, update and delete the device template, on behalf of the signed in user. It also allows the app to add or remove owners on any device template.",Read and write all device templates
0e263e50-5827-48a4-b97c-d940288653c7,Directory.AccessAsUser.All,Global Administrator,Allows the app to have the same access to information in the directory as the signed-in user.,Access directory as the signed in user
06da0dbc-49e2-44d2-8312-53f166ab848a,Directory.Read.All,Directory Readers,"Allows the app to read data in your organization's directory, such as users, groups and apps.",Read directory data
c5366453-9fb0-48a5-a156-24f0c49a4b84,Directory.ReadWrite.All,Directory Writers,"Allows the app to read and write data in your organization's directory, such as users, and groups.  It does not allow the app to delete users or groups, or reset user passwords.",Read and write directory data
34d3bd24-f6a6-468c-b67c-0c365c1d6410,DirectoryRecommendations.Read.All,Directory Readers,"Allows the app to read Azure AD recommendations, on behalf of the signed-in user.",Read Azure AD recommendations
f37235e8-90a0-4189-93e2-e55b53867ccd,DirectoryRecommendations.ReadWrite.All,Conditional Access Administrator,"Allows the app to read and update Azure AD recommendations, on behalf of the signed-in user.",Read and update Azure AD recommendations
2f9ee017-59c1-4f1d-9472-bd5529a7b311,Domain.Read.All,Global Reader,Allows the app to read all domain properties on behalf of the signed-in user.,Read domains.
0b5d694c-a244-4bde-86e6-eb5cd07730fe,Domain.ReadWrite.All,Domain Name Administrator,"Allows the app to read and write all domain properties on behalf of the signed-in user. Also allows the app to add, verify and remove domains.",Read and write domains
99201db3-7652-4d5a-809a-bdb94f85fe3c,eDiscovery.Read.All,Compliance Administrator,"Allows the app to read eDiscovery objects such as cases, custodians, review sets and other related objects on behalf of the signed-in user.",Read all eDiscovery objects
acb8f680-0834-4146-b69e-4ab1b39745ad,eDiscovery.ReadWrite.All,Compliance Administrator,"Allows the app to read and write eDiscovery objects such as cases, custodians, review sets and other related objects on behalf of the signed-in user.",Read and write all eDiscovery objects
8523895c-6081-45bf-8a5d-f062a2f12c9f,EduAdministration.Read,Global Reader,Read the state and settings of all Microsoft education apps on behalf of the user.,Read education app settings
63589852-04e3-46b4-bae9-15d5b1050748,EduAdministration.ReadWrite,Intune Administrator,Manage the state and settings of all Microsoft education apps on behalf of the user.,Manage education app settings
091460c9-9c4a-49b2-81ef-1f3d852acce2,EduAssignments.Read,Directory Readers,Allows the app to read assignments and their grades on behalf of the user.,Read users' class assignments and their grades
c0b0103b-c053-4b2e-9973-9f3a544ec9b8,EduAssignments.ReadBasic,Directory Readers,Allows the app to read assignments without grades on behalf of the user.,Read users' class assignments without grades
2f233e90-164b-4501-8bce-31af2559a2d3,EduAssignments.ReadWrite,Teams Administrator,Allows the app to read and write assignments and their grades on behalf of the user.,Read and write users' class assignments and their grades
2ef770a1-622a-47c4-93ee-28d6adbed3a0,EduAssignments.ReadWriteBasic,Intune Administrator,Allows the app to read and write assignments without grades on behalf of the user.,Read and write users' class assignments without grades
484859e8-b9e2-4e92-b910-84db35dadd29,EduCurricula.Read,Global Reader,Allows the app to read the user's modules and resources on behalf of the signed-in user.,Read the user's class modules and resources
4793c53b-df34-44fd-8d26-d15c517732f5,EduCurricula.ReadWrite,Compliance Administrator,Allows the app to read and write user's modules and resources on behalf of the signed-in user.,Read and write the user's class modules and resources
a4389601-22d9-4096-ac18-36a927199112,EduRoster.Read,Directory Readers,Allows the app to read the structure of schools and classes in an organization's roster and education-specific information about users to be read on behalf of the user.,Read users' view of the roster
5d186531-d1bf-4f07-8cea-7c42119e1bd9,EduRoster.ReadBasic,Directory Readers,"Allows the app to read a limited subset of the properties from the structure of schools and classes in an organization's roster and a limited subset of properties about users to be read on behalf of the user.ï¿½ï¿½Includes name, status, education role, email address and photo.",Read a limited subset of users' view of the roster
359e19a6-e3fa-4d7f-bcab-d28ec592b51e,EduRoster.ReadWrite,User Administrator,Allows the app to read and write the structure of schools and classes in an organization's roster and education-specific information about users to be read and written on behalf of the user.,Read and write users' view of the roster
3cad91a5-8413-4c4a-acfe-dfeb83d1366d,EngagementRole.Read.All,Yammer Administrator,Allows the app to list all Viva Engage roles and role memberships on behalf of the signed-in user.,Read all Viva Engage roles and role memberships
4905982d-6459-4ccd-949c-949fefc0a8f2,EngagementRole.ReadWrite.All,Yammer Administrator,"Allows the app to assign Viva Engage role to a user, and remove a Viva Engage role from a user behalf of the signed-in user.",Modify Viva Engage role membership
5449aa12-1393-4ea2-a7c7-d0e06c1a56b2,EntitlementManagement.Read.All,Identity Governance Administrator,Allows the app to read access packages and related entitlement management resources on behalf of the signed-in user.,Read all entitlement management resources
ae7a573d-81d7-432b-ad44-4ed5c9d89038,EntitlementManagement.ReadWrite.All,Identity Governance Administrator,Allows the app to request access to and management of access packages and related entitlement management resources on behalf of the signed-in user.,Read and write entitlement management resources
f7dd3bed-5eec-48da-bc73-1c0ef50bc9a1,EventListener.Read.All,Global Reader,Allows the app to read your organization's authentication event listeners on behalf of the signed-in user.,Read your organization's authentication event listeners
d11625a6-fe21-4fc6-8d3d-063eba5525ad,EventListener.ReadWrite.All,Global Reader,Allows the app to read or write your organization's authentication event listeners on behalf of the signed-in user.,Read and write your organization's authentication event listeners
a38267a5-26b6-4d76-9493-935b7599116b,ExternalConnection.Read.All,Global Reader,Allows the app to read all external connections on behalf of a signed-in user. The signed-in user must be an administrator.,Read all external connections
bbbbd9b3-3566-4931-ac37-2b2180d9e334,ExternalConnection.ReadWrite.All,Global Administrator,Allows the app to read and write all external connections on behalf of a signed-in user. The signed-in user must be an administrator.,Read and write all external connections
4082ad95-c812-4f02-be92-780c4c4f1830,ExternalConnection.ReadWrite.OwnedBy,Global Reader,Allows the app to read and write settings of external connections on behalf of a signed-in user. The signed-in user must be an administrator. The app can only read and write settings of connections that it is authorized to.,Read and write external connections
922f9392-b1b7-483c-a4be-0089be7704fb,ExternalItem.Read.All,Directory Readers,"Allow the app to read external datasets and content, on behalf of the signed-in user.",Read items in external datasets
b02c54f8-eb48-4c50-a9f0-a149e5a2012f,ExternalItem.ReadWrite.All,Global Administrator,Allows the app to read and write all external items on behalf of a signed-in user. The signed-in user must be an administrator.,Read and write all external items
4367b9d7-cee7-4995-853c-a0bdfe95c1f9,ExternalItem.ReadWrite.OwnedBy,Global Administrator,Allows the app to read and write external items on behalf of a signed-in user. The signed-in user must be an administrator. The app can only read external items of the connection that it is authorized to.,Read and write external items
47167bec-55a7-4caf-9ecc-8d4566e3cfb1,ExternalUserProfile.Read.All,External ID User Flow Attribute Administrator,"Allows the app to read available properties of external user profiles, on behalf of the signed-in user.",Read external user profiles
c6068dc7-a791-46a4-a811-b8228e6649ab,ExternalUserProfile.ReadWrite.All,User Administrator,"Allows the app to read and write available properties of external user profiles, on behalf of the signed-in user.",Read and write external user profiles
ef2779dc-ef1b-4211-8310-8a0ac2450081,Files.SelectedOperations.Selected,User,Allow the application to access files explicitly permissioned to the application on behalf of the signed in user.  The specific files and the permissions granted will be configured in SharePoint Online or OneDrive.,"Access selected Files, on behalf of the signed-in user"
527b6d64-cdf5-4b8b-b336-4aa0b8ca2ce5,FileStorageContainer.Manage.All,Global Administrator,Allows the application to utilize the file storage container administration capabilities on behalf of an administrator user.,Manage all file storage containers
085ca537-6565-41c2-aca7-db852babc212,FileStorageContainer.Selected,User,Allows the application to utilize the file storage container platform to manage containers on behalf of the signed in user. The specific file storage containers and the permissions granted to them will be configured in Microsoft 365 by the developer of each container type.,Access selected file storage containers
092211d9-ca1a-427b-813e-b79c7653fe71,Goals-Export.Read.All,Global Reader,Allows the app to read all goals and export jobs that the signed-in user can access.,Read all goals and export jobs that a user can access
2edeb9fd-4228-480c-a26d-2ed52011cf3d,Goals-Export.ReadWrite.All,Viva Goals Administrator,"Allows the app to read goals, create and read export jobs that the signed-in user can access.",Have full access to all goals and export jobs a user can access
c92fbbc2-50e0-4842-93ef-385c3293ea3d,Group-Conversation.Read.All,Groups Administrator,Allows the app to read group conversations that the signed-in user has access to.,Read group conversations
302bcbb5-855a-4e49-ae20-94a331b0281e,Group-Conversation.ReadWrite.All,Groups Administrator,Allows the app to read and write group conversations that the signed-in user has access to.,Read and write group conversations
5f8c59db-677d-491f-a6b8-5f174b11ec1d,Group.Read.All,Directory Readers,"Allows the app to list groups, and to read their properties and all group memberships on behalf of the signed-in user.  Also allows the app to read calendar, conversations, files, and other group content for all groups the signed-in user can access.",Read all groups
4e46008b-f24c-477d-8fff-7bb4ec7aafe0,Group.ReadWrite.All,Groups Administrator,Allows the app to create groups and read all group properties and memberships on behalf of the signed-in user.  Additionally allows group owners to manage their groups and allows group members to update group content.,Read and write all groups
bc024368-1153-4739-b217-4326f2e966d0,GroupMember.Read.All,Directory Readers,"Allows the app to list groups, read basic group properties and read membership of all groups the signed-in user has access to.",Read group memberships
f81125ac-d3b7-4573-a3b2-7099cc39df9e,GroupMember.ReadWrite.All,Groups Administrator,"Allows the app to list groups, read basic properties, read and update the membership of the groups the signed-in user has access to. Group properties and owners cannot be updated and groups cannot be deleted.",Read and write group memberships
74b4ff32-4917-4536-a66d-38a4861e6220,HealthMonitoringAlert.Read.All,Global Reader,Allows the app to read all scenario health monitoring alerts,Read all scenario health monitoring alerts
b7c60f27-2195-4d5f-96a7-6b98bdfd9664,HealthMonitoringAlert.ReadWrite.All,Global Reader,"Allows the app to read and write all scenario monitoring alerts, on behalf of the signed-in user.",Read and write all scenario monitoring alerts
fb873030-8626-47e6-96ff-8a5bff3b725f,HealthMonitoringAlertConfig.Read.All,Global Reader,Allows the app to read all scenario health monitoring alert configurations,Read all scenario health monitoring alert configurations
b3e5ebc6-1c23-4337-8286-3f27165addb4,HealthMonitoringAlertConfig.ReadWrite.All,Global Administrator,"Allows the app to read and write all scenario monitoring alert configurations, on behalf of the signed-in user.",Read and write all scenario monitoring alert configurations.
43781733-b5a7-4d1b-98f4-e8edff23e1a9,IdentityProvider.Read.All,Directory Readers,Allows the app to read your organizationï¿½??s identity (authentication) providersï¿½?? properties on behalf of the user.,Read identity providers
f13ce604-1677-429f-90bd-8a10b9f01325,IdentityProvider.ReadWrite.All,External Identity Provider Administrator,Allows the app to read and write your organizationï¿½??s identity (authentication) providersï¿½?? properties on behalf of the user.,Read and write identity providers
8f6a01e7-0391-4ee5-aa22-a3af122cef27,IdentityRiskEvent.Read.All,Security Reader,Allows the app to read identity risk event information for all users in your organization on behalf of the signed-in user.,Read identity risk event information
9e4862a5-b68f-479e-848a-4e07e25c9916,IdentityRiskEvent.ReadWrite.All,Security Operator,Allows the app to read and update identity risk event information for all users in your organization on behalf of the signed-in user.ï¿½ï¿½Update operations include confirming risk event detections.ï¿½ï¿½,Read and write risk event information
ea5c4ab0-5a73-4f35-8272-5d5337884e5d,IdentityRiskyServicePrincipal.Read.All,Security Reader,"Allows the app to read all identity risky service principal information for your organization, on behalf of the signed-in user.",Read all identity risky service principal information
bb6f654c-d7fd-4ae3-85c3-fc380934f515,IdentityRiskyServicePrincipal.ReadWrite.All,Security Reader,"Allows the app to read and update identity risky service principal information for all service principals in your organization, on behalf of the signed-in user. Update operations include dismissing risky service principals.",Read and write all identity risky service principal information
d04bb851-cb7c-4146-97c7-ca3e71baf56c,IdentityRiskyUser.Read.All,Security Reader,Allows the app to read identity risky user information for all users in your organization on behalf of the signed-in user.,Read identity risky user information
e0a7cdbb-08b0-4697-8264-0069786e9674,IdentityRiskyUser.ReadWrite.All,Security Operator,Allows the app to read and update identity risky user information for all users in your organization on behalf of the signed-in user.ï¿½ï¿½Update operations include dismissing risky users.,Read and write risky user information
2903d63d-4611-4d43-99ce-a33f3f52e343,IdentityUserFlow.Read.All,External ID User Flow Administrator,"Allows the app to read your organization's user flows, on behalf of the signed-in user.",Read all identity user flows
281892cc-4dbf-4e3a-b6cc-b21029bb4e82,IdentityUserFlow.ReadWrite.All,External ID User Flow Administrator,"Allows the app to read or write your organization's user flows, on behalf of the signed-in user.",Read and write all identity user flows
d19c0de5-7ecb-4aba-b090-da35ebcd5425,IndustryData-DataConnector.Read.All,Global Reader,Allows the app to read data connectors on behalf of the signed-in user.,View data connector definitions
5ce933ac-3997-4280-aed0-cc072e5c062a,IndustryData-DataConnector.ReadWrite.All,Global Administrator,Allows the app to read and write data connectors on behalf of the signed-in user.,Manage data connector definitions
fc47391d-ab2c-410f-9059-5600f7af660d,IndustryData-DataConnector.Upload,Service Support Administrator,Allows the app to upload data files to a data connector on behalf of the signed-in user.,Upload files to a data connector
cb0774da-a605-42af-959c-32f438fb38f4,IndustryData-InboundFlow.Read.All,Global Reader,Allows the app to read inbound data flows on behalf of the signed-in user.,View inbound flow definitions
97044676-2cec-40ee-bd70-38df444c9e70,IndustryData-InboundFlow.ReadWrite.All,Global Administrator,Allows the app to read and write inbound data flows on behalf of the signed-in user.,Manage inbound flow definitions
4741a003-8952-4be4-9217-33a0ac327122,IndustryData-OutboundFlow.Read.All,Global Reader,Allows the app to read outbound data flows on behalf of the signed-in user.,View outbound flow definitions
aeb68e0b-e562-4a1f-b6dd-3484ad0cbb4b,IndustryData-OutboundFlow.ReadWrite.All,Global Administrator,Allows the app to read and write outbound data flows on behalf of the signed-in user.,Manage outbound flow definitions
a3f96ffe-cb84-40a8-ac85-582d7ef97c2a,IndustryData-ReferenceDefinition.Read.All,Global Reader,Allows the app to read reference definitions on behalf of the signed-in user.,View reference definitions
a757d430-be6d-430f-af57-28aabe79d247,IndustryData-ReferenceDefinition.ReadWrite.All,Global Administrator,Allows the app to read and write reference definitions on behalf of the signed-in user.,Manage reference definitions
92685235-50c4-4702-b2c8-36043db6fa79,IndustryData-Run.Read.All,Global Reader,Allows the app to read current and previous IndustryData runs on behalf of the signed-in user.,View current and previous runs
f03a6d0e-0989-460f-80b2-e57c8561763e,IndustryData-Run.Start,Global Administrator,Allows the app to view and start IndustryData runs on behalf of the signed-in user.,View and start runs
49b7016c-89ae-41e7-bd6f-b7170c5490bf,IndustryData-SourceSystem.Read.All,Global Reader,Allows the app to read source system definitions on behalf of the signed-in user.,View source system definitions
9599f005-05d6-4ea7-b1b1-4929768af5d0,IndustryData-SourceSystem.ReadWrite.All,Global Administrator,Allows the app to read and write source system definitions on behalf of the signed-in user.,Manage source system definitions
c9d51f28-8ccd-42b2-a836-fd8fe9ebf2ae,IndustryData-TimePeriod.Read.All,Global Reader,Allows the app to read time period definitions on behalf of the signed-in user.,Read time period definitions
b6d56528-3032-4f9d-830f-5a24a25e6661,IndustryData-TimePeriod.ReadWrite.All,Global Administrator,Allows the app to read and write time period definitions on behalf of the signed-in user.,Manage time period definitions
12f4bffb-b598-413c-984b-db99728f8b54,InformationProtectionConfig.Read,Global Reader,"Allows the app to read the configurations applicable to the signed-in user for protecting organizational data, on behalf of the signed-in user.",Read configurations for protecting organizational data applicable to the user
7d249730-51a3-4180-8ec1-214f144f1bff,Insights-UserMetric.Read.All,Reports Reader,"Allows an app to read user metrics insights, such as daily and monthly active users, on behalf of the signed-in user.",Read user metrics insights
ea4c1fd9-6a9f-4432-8e5d-86e06cc0da77,LearningContent.Read.All,Directory Readers,"Allows the app to read learning content in the organization's directory, on behalf of the signed-in user.",Read learning content
53cec1c4-a65f-4981-9dc1-ad75dbf1c077,LearningContent.ReadWrite.All,Directory Writers,"Allowsï¿½ï¿½theï¿½ï¿½appï¿½ï¿½toï¿½ï¿½manage learningï¿½ï¿½contentï¿½ï¿½inï¿½ï¿½theï¿½ï¿½organization'sï¿½ï¿½directory, on behalf of the signed-in user.",Manageï¿½ï¿½learningï¿½ï¿½content
dd8ce36f-9245-45ea-a99e-8ac398c22861,LearningProvider.Read,Directory Readers,"Allows the app to read data for the learning provider in the organization's directory, on behalf of the signed-in user.",Read learning provider
40c2eb57-abaf-49f5-9331-e90fd01f7130,LearningProvider.ReadWrite,Directory Writers,"Allows the app to create, update, read, and delete data for the learning provider in the organization's directory, on behalf of the signed-in user.",Manageï¿½ï¿½learningï¿½ï¿½provider
f55016cc-149c-447e-8f21-7cf3ec1d6350,LicenseAssignment.ReadWrite.All,License Administrator,"Allows an app to manage license assignments for users and groups, on behalf of the signed-in user.",Manage all license assignments
2973a298-1d69-4f87-8d30-7025f0ec19d7,LifecycleWorkflows-CustomExt.Read.All,Lifecycle Workflows Administrator,Allows the app to read all Lifecycle workflows custom task extensions on behalf of a signed-in user.,Read all Lifecycle workflows custom task extensions
ef6bafb1-3019-4a22-a332-103aff92225f,LifecycleWorkflows-CustomExt.ReadWrite.All,Lifecycle Workflows Administrator,"Allows the app to create, update, list, read and delete all Lifecycle workflows custom task extensions on behalf of a signed-in user.",Read and write all Lifecycle workflows custom task extensions
4d3d7f81-163f-426a-8432-5638d2e82083,LifecycleWorkflows-Reports.Read.All,Lifecycle Workflows Administrator,Allows the app to read all Lifecycle workflows reports on behalf of a signed-in user.,Read all Lifecycle workflows reports
df1c25b3-072c-45cd-8403-c63441e4cca1,LifecycleWorkflows-Workflow.Activate,Lifecycle Workflows Administrator,Allows the app to run workflows on-demand on behalf of a signed-in user.,Run workflows on-demand in Lifecycle workflows
7fabe5bd-2e47-4e61-b924-327117024e18,LifecycleWorkflows-Workflow.Read.All,Lifecycle Workflows Administrator,Allows the app to list and read all workflows and tasks on behalf of a signed-in user.,Read all workflows in Lifecycle workflows
789c445d-433c-4575-a1fc-367a58a1bd4a,LifecycleWorkflows-Workflow.ReadBasic.All,Lifecycle Workflows Administrator,Allows the app to list all workflows on behalf of a signed-in user.,List all workflows in Lifecycle workflows
29e49f0c-a053-4cc5-a4b1-7da0c8c1e643,LifecycleWorkflows-Workflow.ReadWrite.All,Lifecycle Workflows Administrator,"Allows the app to create, update, list, read and delete all workflows and tasks in lifecycle workflows on behalf of a signed-in user.",Read and write all workflows in Lifecycle workflows
9bcb9916-765a-42af-bf77-02282e26b01a,LifecycleWorkflows.Read.All,Lifecycle Workflows Administrator,"Allows the app to list and read all workflows, tasks and related lifecycle workflows resources on behalf of the signed-in user.",Read all lifecycle workflows resources
84b9d731-7db8-4454-8c90-fd9e95350179,LifecycleWorkflows.ReadWrite.All,Lifecycle Workflows Administrator,"Allows the app to create, update, list, read and delete all workflows, tasks and related lifecycle workflows resources on behalf of the signed-in user.",Read and write all lifecycle workflows resources
d6d361b3-211a-4191-9fa7-15f72de4aac4,ListItems.SelectedOperations.Selected,User,Allow the application to access a subset of listitems on behalf of the signed in user.  The specific listitems and the permissions granted will be configured in SharePoint Online.,"Access selected ListItems, on behalf of the signed-in user"
033b51ee-d6fa-4add-b627-ee680c7212b5,Lists.SelectedOperations.Selected,User,Allow the application to access a subset of lists on behalf of the signed in user.  The specific lists and the permissions granted will be configured in SharePoint Online.,"Access selected Lists, on behalf of the signed-in user"
df96e8a0-f4e1-4ecf-8d83-a429f822cbd6,MailboxItem.ImportExport,Exchange Administrator,"Allows the app to backup, restore, and modify mailbox items on behalf of the signed-in user.",Allows the app to perform backup and restore of mailbox items
dc34164e-6c4a-41a0-be89-3ae2fbad7cd3,ManagedTenants.Read.All,Global Reader,Allows the app to read all managed tenant information on behalf of the signed-in user.,Read all managed tenant information
b31fa710-c9b3-4d9e-8f5e-8036eecddab9,ManagedTenants.ReadWrite.All,Global Reader,Allows the app to read and write all managed tenant information on behalf of the signed-in user.,Read and write all managed tenant information
f6a3db3e-f7e8-4ed2-a414-557c8c9830be,Member.Read.Hidden,Directory Readers,"Allows the app to read the memberships of hidden groups and administrative units on behalf of the signed-in user, for those hidden groups and administrative units that the signed-in user has access to.",Read hidden memberships
526aa72a-5878-49fe-bf4e-357973af9b06,MultiTenantOrganization.Read.All,Directory Readers,Allows the app to read multi-tenant organization details and tenants on behalf of the signed-in user.,Read multi-tenant organization details and tenants
77af1528-84f3-4023-8d90-d219cd433108,MultiTenantOrganization.ReadWrite.All,User Administrator,Allows the app to read and write multi-tenant organization details and tenants on behalf of the signed-in user.,Read and write multi-tenant organization details and tenants
51ae584e-e736-4718-897b-10af70f8e3cc,MutualTlsOauthConfiguration.Read.All,Global Reader,"Allows the app to read configuration used for OAuth 2.0 mutual-TLS client authentication, on behalf of the signed-in user. This includes reading trusted certificate authorities.",Read all configurations used for mutual-TLS client authentication.
a51115bc-f64f-498f-bcee-00dcd28f4a03,MutualTlsOauthConfiguration.ReadWrite.All,Global Reader,"Allows the app to read and update configuration used for OAuth 2.0 mutual-TLS client authentication, on behalf of the signed-in user. This includes adding and updating trusted certificate authorities.",Read and write all configurations used for mutual-TLS client authentication.
b0c61509-cfc3-42bd-9bd4-66d81785fee4,NetworkAccess-Reports.Read.All,Global Secure Access Log Reader,Allows the app to read all network access reports on behalf of the signed-in user.,Read all network access reports
2f7013e0-ab4e-447f-a5e1-5d419950692d,NetworkAccess.Read.All,Global Secure Access Administrator,Allows the app to read all network access information on behalf of the signed-in user.,Read all network access information
ae2df9c5-f18d-4ec4-a51b-bdeb807f177b,NetworkAccess.ReadWrite.All,Network Administrator,Allows the app to read and write all network access information and configuration settings on behalf of the signed-in user.,Read and write all network access information
b8a36cc2-b810-461a-baa4-a7281e50bd5c,NetworkAccessBranch.ReadWrite.All,Network Administrator,Allows the app to read and write your organization's branches for network access on behalf of the signed-in user.,Read and write properties of branches for network access
b1fbad0f-ef6e-42ed-8676-bca7fa3e7291,NetworkAccessPolicy.ReadWrite.All,Network Administrator,Allows the app to read and write your organization's security and routing network access policies on behalf of the signed-in user.,Read and write security and routing policies for network access
166741d6-eeb8-46fe-91f4-817d2af7bc88,OnlineMeetingAiInsight.Read.All,Global Reader,"Allows the app to read all AI Insights for online meetings, on behalf of the signed-in user.",Read all AI Insights for online meetings.
190c2bb6-1fdd-4fec-9aa2-7d571b5e1fe3,OnlineMeetingRecording.Read.All,Global Reader,"Allows the app to read all recordings of online meetings, on behalf of the signed-in user.",Read all recordings of online meetings.
30b87d18-ebb1-45db-97f8-82ccb1f0190c,OnlineMeetingTranscript.Read.All,Global Reader,"Allows the app to read all transcripts of online meetings, on behalf of the signed-in user.",Read all transcripts of online meetings.
f6609722-4100-44eb-b747-e6ca0536989d,OnPremDirectorySynchronization.Read.All,Directory Synchronization Accounts,"Allows the app to read all on-premises directory synchronization information for the organization, on behalf of the signed-in user.",Read all on-premises directory synchronization information
c2d95988-7604-4ba1-aaed-38a5f82a51c7,OnPremDirectorySynchronization.ReadWrite.All,Hybrid Identity Administrator,"Allows the app to read and write all on-premises directory synchronization information for the organization, on behalf of the signed-in user.",Read and write all on-premises directory synchronization information
8c4d5184-71c2-4bf8-bb9d-bc3378c9ad42,OnPremisesPublishingProfiles.ReadWrite.All,Hybrid Identity Administrator,"Allows the app to manage hybrid identity service configuration by creating, viewing, updating and deleting on-premises published resources, on-premises agents and agent groups, on behalf of the signed-in user.",Manage on-premises published resources
4908d5b9-3fb2-4b1e-9336-1888b7937185,Organization.Read.All,Directory Readers,"Allows the app to read the organization and related resources, on behalf of the signed-in user.ï¿½ï¿½Related resources include things like subscribed skus and tenant branding information.",Read organization information
46ca0847-7e6b-426e-9775-ea810a948356,Organization.ReadWrite.All,Organizational Branding Administrator,"Allows the app to read and write the organization and related resources, on behalf of the signed-in user.ï¿½ï¿½Related resources include things like subscribed skus and tenant branding information.",Read and write organization information
9082f138-6f02-4f3a-9f4d-5f3c2ce5c688,OrganizationalBranding.Read.All,Organizational Branding Administrator,"Allows the app to read the organizational branding information, on behalf of the signed-in user.",Read organizational branding information
15ce63de-b141-4c9a-a9a5-241bf27c6aaf,OrganizationalBranding.ReadWrite.All,Organizational Branding Administrator,"Allows the app to read and write the organizational branding information, on behalf of the signed-in user.",Read and write organizational branding information
08432d1b-5911-483c-86df-7980af5cdee0,OrgContact.Read.All,Directory Readers,Allows the app to read all organizational contacts on behalf of the signed-in user. ï¿½ï¿½These contacts are managed by the organization and are different from a user's personal contacts.,Read organizational contacts
1e9b7a7e-4d64-44ff-acf5-2e9651c1519f,OrgSettings-AppsAndServices.Read.All,Global Reader,Allows the app to read organization-wide apps and services settings on behalf of the signed-in user.,Read organization-wide apps and services settings
c167b0e7-47c0-48e8-9eee-9892f58018fa,OrgSettings-AppsAndServices.ReadWrite.All,Global Administrator,Allows the app to read and write organization-wide apps and services settings on behalf of the signed-in user.,Read and write organization-wide apps and services settings
9862d930-5aec-4a98-8d4f-7277a8db9bcb,OrgSettings-DynamicsVoice.Read.All,Dynamics 365 Administrator,Allows the app to read organization-wide Dynamics customer voice settings on behalf of the signed-in user.,Read organization-wide Dynamics customer voice settings
4cea26fb-6967-4234-82c4-c044414743f8,OrgSettings-DynamicsVoice.ReadWrite.All,Dynamics 365 Administrator,Allows the app to read and write organization-wide Dynamics customer voice settings on behalf of the signed-in user.,Read and write organization-wide Dynamics customer voice settings
210051a0-1ffc-435c-ae76-02d226d05752,OrgSettings-Forms.Read.All,Global Reader,Allows the app to read organization-wide Microsoft Forms settings on behalf of the signed-in user.,Read organization-wide Microsoft Forms settings
346c19ff-3fb2-4e81-87a0-bac9e33990c1,OrgSettings-Forms.ReadWrite.All,Global Reader,Allows the app to read and write organization-wide Microsoft Forms settings on behalf of the signed-in user.,Read and write organization-wide Microsoft Forms settings
8cbdb9f6-9c2e-451a-814d-ec606e5d0212,OrgSettings-Microsoft365Install.Read.All,Global Reader,Allows the app to read organization-wide Microsoft 365 apps installation settings on behalf of the signed-in user.,Read organization-wide Microsoft 365 apps installation settings
1ff35e91-19eb-42d8-aa2d-cc9891127ae5,OrgSettings-Microsoft365Install.ReadWrite.All,Office Apps Administrator,Allows the app to read and write organization-wide Microsoft 365 apps installation settings on behalf of the signed-in user.,Read and write organization-wide Microsoft 365 apps installation settings
7ff96f41-f022-45ba-acd8-ef3f03063d6b,OrgSettings-Todo.Read.All,Global Reader,Allows the app to read organization-wide Microsoft To Do settings on behalf of the signed-in user.,Read organization-wide Microsoft To Do settings
087502c2-5263-433e-abe3-8f77231a0627,OrgSettings-Todo.ReadWrite.All,Global Reader,Allows the app to read and write organization-wide Microsoft To Do settings on behalf of the signed-in user.,Read and write organization-wide Microsoft To Do settings
8804798e-5934-4e30-8ce3-ef88257cecd4,PartnerBilling.Read.All,Billing Administrator,"Allows the app to read all of billing data from Microsoft for your company's tenant, on behalf of the signed-in user. This includes reading billed and unbilled Usage and Invoice reconciliation data.",Read all billing data for your company's tenant
5567b981-0bf1-4796-9038-0648b46e116d,PartnerSecurity.Read.All,Security Reader,Allows the app to read security alerts of customer with CSP relationship on behalf of the partner signed-in user.,Read security alerts of customer with CSP relationship
0cd2c1f6-94a1-4075-ab8c-0b1aff2e1ad5,PartnerSecurity.ReadWrite.All,Partner Tier1 Support,Allows the app to read security alerts and update status of alerts of customer with CSP relationship on behalf of the partner signed-in user.,Read security alerts and update status of security alerts of customer with CSP relationship
d88fd3fb-53d3-4c1c-8c39-787fcac2ed7a,PendingExternalUserProfile.Read.All,Global Reader,"Allows the app to read available properties of pending external user profiles, on behalf of the signed-in user.",Read pending external user profiles
93a1fb28-c908-4826-904e-0c74ad352b73,PendingExternalUserProfile.ReadWrite.All,User Administrator,"Allows the app to read and write available properties of pending external user profiles, on behalf of the signed-in user.",Read and write pending external user profiles
b89f9189-71a5-4e70-b041-9887f0bc7e4a,People.Read.All,People Administrator,"Allows the app to read a scored list of relevant people of the signed-in user or other users in the signed-in user's organization. The list can include local contacts, contacts from social networking, your organization's directory, and people from recent communications (such as email and Skype).",Read all users' relevant people lists
ec762c5f-388b-4b16-8693-ac1efbc611bc,PeopleSettings.Read.All,People Administrator,Allows the application to read tenant-wide people settings on behalf of the signed-in user.,Read tenant-wide people settings
e67e6727-c080-415e-b521-e3f35d5248e9,PeopleSettings.ReadWrite.All,People Administrator,Allows the application to read and write tenant-wide people settings on behalf of the signed-in user.,Read and write tenant-wide people settings
cb8f45a0-5c2e-4ea1-b803-84b870a7d7ec,Place.Read.All,Directory Readers,"Allows the app to read your company's places (conference rooms and room lists) for calendar events and other applications, on behalf of the signed-in user.",Read all company places
4c06a06a-098a-4063-868e-5dfee3827264,Place.ReadWrite.All,Exchange Administrator,"Allows the app to manage organization places (conference rooms and room lists) for calendar events and other applications, on behalf of the signed-in user.",Read and write organization places
4c7f93d2-6b0b-4e05-91aa-87842f0a2142,PlaceDevice.Read.All,Cloud Device Administrator,"Allows the app to read all workplace devices, on behalf of the signed-in user.",Read all workplace devices
eafd6a71-e95a-4f8a-bb6e-fb84ab7fbd9e,PlaceDevice.ReadWrite.All,Cloud Device Administrator,"Allows the app to read and write all workplace devices, on behalf of the signed-in user.",Read and write all workplace devices
572fea84-0151-49b2-9301-11cb16974376,Policy.Read.All,Global Reader,Allows the app to read your organization's policies on behalf of the signed-in user.,Read your organization's policies
3616a4b0-6746-49c4-a678-4c237599074d,Policy.Read.DeviceConfiguration,Global Reader,"Allows the app to read your organization's device configuration policies on behalf of the signed-in user.  For example, device registration policy can limit initial provisioning controls using quota restrictions, additional authentication and authorization checks.",Read your organization's device configuration policies
d146432f-b803-4ed4-8d42-ba74193a6ede,Policy.Read.IdentityProtection,Security Reader,Allows the app to read your organizationï¿½??s identity protection policy on behalf of the signed-in user.,Read your organizationï¿½??s identity protection policy
414de6ea-2d92-462f-b120-6e2a809a6d01,Policy.Read.PermissionGrant,Global Reader,"Allows the app to read policies related to consent and permission grants for applications, on behalf of the signed-in user.",Read consent and permission grant policies
4f5bc9c8-ea54-4772-973a-9ca119cb0409,Policy.ReadWrite.AccessReview,Identity Governance Administrator,Allows the app to read and write your organization's directory access review default policy on behalf of the signed-in user.,Read and write your organization's directory access review default policy
b27add92-efb2-4f16-84f5-8108ba77985c,Policy.ReadWrite.ApplicationConfiguration,Application Administrator,"Allows the app to read and write your organization's application configuration policies on behalf of the signed-in user.  This includes policies such as activityBasedTimeoutPolicy, claimsMappingPolicy, homeRealmDiscoveryPolicy,  tokenIssuancePolicy and tokenLifetimePolicy.",Read and write your organization's application configuration policies
edb72de9-4252-4d03-a925-451deef99db7,Policy.ReadWrite.AuthenticationFlows,Authentication Policy Administrator,"Allows the app to read and write the authentication flow policies, on behalf of the signed-in user.",Read and write authentication flow policies
7e823077-d88e-468f-a337-e18f1f0e6c7c,Policy.ReadWrite.AuthenticationMethod,Authentication Policy Administrator,"Allows the app to read and write the authentication method policies, on behalf of the signed-in user.ï¿½ï¿½",Read and write authentication method policies
edd3c878-b384-41fd-95ad-e7407dd775be,Policy.ReadWrite.Authorization,Authentication Policy Administrator,"Allows the app to read and write your organization's authorization policy on behalf of the signed-in user.  For example, authorization policies can control some of the permissions that the out-of-the-box user role has by default.",Read and write your organization's authorization policy
ad902697-1014-4ef5-81ef-2b4301988e8c,Policy.ReadWrite.ConditionalAccess,Conditional Access Administrator,Allows the app to read and write your organization's conditional access policies on behalf of the signed-in user.,Read and write your organization's conditional access policies
4d135e65-66b8-41a8-9f8b-081452c91774,Policy.ReadWrite.ConsentRequest,Application Administrator,Allows the app to read and write your organization's consent requests policy on behalf of the signed-in user.,Read and write consent request policy
014b43d0-6ed4-4fc6-84dc-4b6f7bae7d85,Policy.ReadWrite.CrossTenantAccess,Conditional Access Administrator,Allows the app to read and write your organization's cross tenant access policies on behalf of the signed-in user.,Read and write your organization's cross tenant access policies
9ef7463f-1d39-406f-89ea-3483a4645e1c,Policy.ReadWrite.CrossTenantCapability,Global Administrator,Allows the app to read and write your organization's M365 cross tenant access capabilities on behalf of the signed-in user.,Read and write your organization's M365 cross tenant access capabilities
40b534c3-9552-4550-901b-23879c90bcf9,Policy.ReadWrite.DeviceConfiguration,Intune Administrator,"Allows the app to read and write your organization's device configuration policies on behalf of the signed-in user.  For example, device registration policy can limit initial provisioning controls using quota restrictions, additional authentication and authorization checks.",Read and write your organization's device configuration policies
b5219784-1215-45b5-b3f1-88fe1081f9c0,Policy.ReadWrite.ExternalIdentities,Global Administrator,"Allows the application to read and update the organization's external identities policy on behalf of the signed-in user.  For example, external identities policy controls if users invited to access resources in your organization via B2B collaboration or B2B direct connect are allowed to self-service leave.",Read and write your organization's external identities policy
92a38652-f13b-4875-bc77-6e1dbb63e1b2,Policy.ReadWrite.FeatureRollout,User Administrator,Allows the app to read and write your organization's feature rollout policies on behalf of the signed-in user. Includes abilities to assign and remove users and groups to rollout of a specific feature.,Read and write your organization's feature rollout policies
be1be369-4540-4ac9-8928-79de99f70d8f,Policy.ReadWrite.FedTokenValidation,Global Administrator,Allows the application to read and update the organization's federated token validation policy on behalf of the signed-in user.,Read and write your organization's federated token validation policy
7256e131-3efb-4323-9854-cf41c6021770,Policy.ReadWrite.IdentityProtection,Security Administrator,Allows the app to read and write your organizationï¿½??s identity protection policy on behalf of the signed-in user.,Read and write your organizationï¿½??s identity protection policy 
a8ead177-1889-4546-9387-f25e658e2a79,Policy.ReadWrite.MobilityManagement,Intune Administrator,"Allows the app to read and write your organization's mobility management policies on behalf of the signed-in user.  For example, a mobility management policy can set the enrollment scope for a given mobility management application.",Read and write your organization's mobility management policies
2672f8bb-fd5e-42e0-85e1-ec764dd2614e,Policy.ReadWrite.PermissionGrant,Permissions Management Administrator,"Allows the app to manage policies related to consent and permission grants for applications, on behalf of the signed-in user.",Manage consent and permission grant policies
0b2a744c-2abf-4f1e-ad7e-17a087e2be99,Policy.ReadWrite.SecurityDefaults,Conditional Access Administrator,Allows the app to read and write your organization's security defaults policy on behalf of the signed-in user.,Read and write your organization's security defaults policy
cefba324-1a70-4a6e-9c1d-fd670b7ae392,Policy.ReadWrite.TrustFramework,Global Administrator,Allows the app to read and write your organization's trust framework policies on behalf of the signed-in user.,Read and write your organization's trust framework policies
d69c2d6d-4f72-4f99-a6b9-663e32f8cf68,PrintConnector.Read.All,Printer Administrator,Allows the application to read print connectors on behalf of the signed-in user.,Read print connectors
79ef9967-7d59-4213-9c64-4b10687637d8,PrintConnector.ReadWrite.All,Printer Administrator,Allows the application to read and write print connectors on behalf of the signed-in user.,Read and write print connectors
90c30bed-6fd1-4279-bf39-714069619721,Printer.Create,Printer Administrator,Allows the application to create (register) printers on behalf of the signed-in user.ï¿½ï¿½,Register printersï¿½?ï¿½ï¿½
93dae4bd-43a1-4a23-9a1a-92957e1d9121,Printer.FullControl.All,Printer Administrator,"Allows the application to create (register), read, update, and delete (unregister) printers on behalf of the signed-in user.ï¿½ï¿½","Register, read, update, and unregister printers"
3a736c8a-018e-460a-b60c-863b2683e8bf,Printer.Read.All,Printer Administrator,Allows the application to read printers on behalf of the signed-in user.ï¿½ï¿½,Read printers
89f66824-725f-4b8f-928e-e1c5258dc565,Printer.ReadWrite.All,Printer Administrator,Allows the application to read and update printers on behalf of the signed-in user.ï¿½ï¿½Does not allow creating (registering) or deleting (unregistering) printers.,Read and update printers
06ceea37-85e2-40d7-bec3-91337a46038f,PrinterShare.ReadWrite.All,Printer Administrator,Allows the application to read and update printer shares on behalf of the signed-in user.ï¿½ï¿½,Read and write printer shares
afdd6933-a0d8-40f7-bd1a-b5d778e8624b,PrintJob.Read.All,Printer Administrator,Allows the application to read the metadata and document content of print jobs on behalf of the signed-in user.ï¿½ï¿½,Read print jobs
04ce8d60-72ce-4867-85cf-6d82f36922f3,PrintJob.ReadBasic.All,Helpdesk Administrator,Allows the application to read the metadata of print jobs on behalf of the signed-in user.ï¿½ï¿½Does not allow access to print job document content.,Read basic information of print jobs
036b9544-e8c5-46ef-900a-0646cc42b271,PrintJob.ReadWrite.All,Printer Administrator,Allows the application to read and update the metadata and document content of print jobs on behalf of the signed-in user.ï¿½ï¿½,Read and write print jobs
3a0db2f6-0d2a-4c19-971b-49109b19ad3d,PrintJob.ReadWriteBasic.All,Printer Administrator,Allows the application to read and update the metadata of print jobs on behalf of the signed-in user.ï¿½ï¿½Does not allow access to print job document content.,Read and write basic information of print jobs
490f32fd-d90f-4dd7-a601-ff6cdc1a3f6c,PrintSettings.Read.All,Printer Administrator,Allows the application to read tenant-wide print settings on behalf of the signed-in user.,Read tenant-wide print settings
9ccc526a-c51c-4e5c-a1fd-74726ef50b8f,PrintSettings.ReadWrite.All,Printer Administrator,Allows the application to read and write tenant-wide print settings on behalf of the signed-in user.,Read and write tenant-wide print settings
b3a539c9-59cb-4ad5-825a-041ddbdc2bdb,PrivilegedAccess.Read.AzureAD,Global Reader,"Allows the app to read time-based assignment and just-in-time elevation (including scheduled elevation) of Azure AD built-in and custom administrative roles, on behalf of the signed-in user.",Read privileged access to Azure AD
d329c81c-20ad-4772-abf9-3f6fdb7e5988,PrivilegedAccess.Read.AzureADGroup,Privileged Role Administrator,"Allows the app to read time-based assignment and just-in-time elevation (including scheduled elevation) of Azure AD groups, on behalf of the signed-in user.",Read privileged access to Azure AD groups
1d89d70c-dcac-4248-b214-903c457af83a,PrivilegedAccess.Read.AzureResources,Privileged Role Administrator,"Allows the app to read time-based assignment and just-in-time elevation of Azure resources (like your subscriptions, resource groups, storage, compute) on behalf of the signed-in user.",Read privileged access to Azure resources
3c3c74f5-cdaa-4a97-b7e0-4e788bfcfb37,PrivilegedAccess.ReadWrite.AzureAD,Privileged Role Administrator,"Allows the app to request and manage just in time elevation (including scheduled elevation) of users to Azure AD built-in administrative roles, on behalf of signed-in users.",Read and write privileged access to Azure AD
32531c59-1f32-461f-b8df-6f8a3b89f73b,PrivilegedAccess.ReadWrite.AzureADGroup,Privileged Role Administrator,"Allows the app to request and manage time-based assignment and just-in-time elevation (including scheduled elevation) of Azure AD groups, on behalf of the signed-in user.",Read and write privileged access to Azure AD groups
a84a9652-ffd3-496e-a991-22ba5529156a,PrivilegedAccess.ReadWrite.AzureResources,Privileged Role Administrator,"Allows the app to request and manage time-based assignment and just-in-time elevation of user privileges to manage Azure resources (like subscriptions, resource groups, storage, compute) on behalf of the signed-in users.",Read and write privileged access to Azure resources
02a32cc4-7ab5-4b58-879a-0586e0f7c495,PrivilegedAssignmentSchedule.Read.AzureADGroup,Groups Administrator,"Allows the app to read time-based assignment schedules for access to Azure AD groups, on behalf of the signed-in user.",Read assignment schedules for access to Azure AD groups
06dbc45d-6708-4ef0-a797-f797ee68bf4b,PrivilegedAssignmentSchedule.ReadWrite.AzureADGroup,Privileged Role Administrator,"Allows the app to read, create, and delete time-based assignment schedules for access to Azure AD groups, on behalf of the signed-in user.","Read, create, and delete assignment schedules for access to Azure AD groups"
ca5fe595-68ff-4dfd-907d-4509501a0e49,PrivilegedAssignmentSchedule.Remove.AzureADGroup,Groups Administrator,"Allows the app to delete time-based assignment schedules for access to Azure AD groups, on behalf of the signed-in user.",Delete assignment schedules for access to Azure AD groups
8f44f93d-ecef-46ae-a9bf-338508d44d6b,PrivilegedEligibilitySchedule.Read.AzureADGroup,Privileged Role Administrator,"Allows the app to read time-based eligibility schedules for access to Azure AD groups, on behalf of the signed-in user.",Read eligibility schedules for access to Azure AD groups
ba974594-d163-484e-ba39-c330d5897667,PrivilegedEligibilitySchedule.ReadWrite.AzureADGroup,Privileged Role Administrator,"Allows the app to read, create, and delete time-based eligibility schedules for access to Azure AD groups, on behalf of the signed-in user.","Read, create, and delete eligibility schedules for access to Azure AD groups"
c5ea9ab4-9b41-4c09-a400-53e652fb5096,PrivilegedEligibilitySchedule.Remove.AzureADGroup,Privileged Role Administrator,"Allows the app to delete time-based eligibility schedules for access to Azure AD groups, on behalf of the signed-in user.",Delete eligibility schedules for access to Azure AD groups
469cd065-729e-4dee-b1fa-d92e0fab6310,ProfilePhoto.Read.All,Directory Readers,"Allows the app to read all profile photos of users and groups, on behalf of the signed-in user.",Read profile photo of a user or group
f5b24df7-511e-48bb-ae88-643f023b55e1,ProfilePhoto.ReadWrite.All,User Administrator,"Allows the app to read and write all profile photos of users and groups, on behalf of the signed-in user.",Read and write profile photo of a user or group
c492a2e1-2f8f-4caa-b076-99bbf6e40fe4,ProgramControl.Read.All,Directory Readers,Allows the app to read programs and program controls that the signed-in user has access to in the organization.,Read all programs that user can access
50fd364f-9d93-4ae1-b170-300e87cccf84,ProgramControl.ReadWrite.All,Application Administrator,"Allows the app to read, update, delete and perform actions on programs and program controls that the signed-in user has access to in the organization.",Manage all programs that user can access
04a4b2a2-3f26-4fc8-87ee-9c46e68db175,PublicKeyInfrastructure.Read.All,Global Reader,"Allows the application to read certificate-based authentication configuration such as all public key infrastructures (PKI) and certificate authorities (CA) configured for the organization, on behalf of the signed-in user.",Read certificate based authentication configurations
3591b7f3-dba8-4bad-b667-7a64bd4f2b83,PublicKeyInfrastructure.ReadWrite.All,Privileged Role Administrator,"Allows the application to read  and write certificate-based authentication configuration such as all public key infrastructures (PKI) and certificate authorities (CA) configured for the organization, on behalf of the signed-in user.",Read and write certificate based authentication configurations
07f995eb-fc67-4522-ad66-2b8ca8ea3efd,RecordsManagement.Read.All,Global Reader,"Allows the application to read any data from Records Management, such as configuration, labels, and policies on behalf of the signed-in user.","Read Records Management configuration,ï¿½ï¿½labels, and policies"
f2833d75-a4e6-40ab-86d4-6dfe73c97605,RecordsManagement.ReadWrite.All,Compliance Administrator,"Allow the application to create, update and delete any data from Records Management, such as configuration, labels, and policies on behalf of the signed-in user.","Read and write Records Management configuration, labels, and policies"
02e97553-ed7b-43d0-ab3c-f8bace0d040c,Reports.Read.All,Reports Reader,Allows an app to read all service usage reports on behalf of the signed-in user.  Services that provide usage reports include Office 365 and Azure Active Directory.,Read all usage reports
84fac5f4-33a9-4100-aa38-a20c6d29e5e7,ReportSettings.Read.All,Reports Reader,"Allows the app to read admin report settings, such as whether to display concealed information in reports, on behalf of the signed-in user",Read admin report settings
b955410e-7715-4a88-a940-dfd551018df3,ReportSettings.ReadWrite.All,Reports Reader,"Allows the app to read and update admin report settings, such as whether to display concealed information in reports, on behalf of the signed-in user.",Read and write admin report settings
cb530fca-534b-4e72-aa74-bca7e8bbd06f,ResourceSpecificPermissionGrant.ReadForChat,Global Reader,"Allows the app to read the resource specific permissions granted on the chat, on behalf of the signed-in user.",Read resource specific permissions granted on a chat
eafad40c-bf7a-415a-b7f8-acdf5706b58f,ResourceSpecificPermissionGrant.ReadForTeam,Global Reader,"Allows the app to read the resource specific permissions granted on the team, on behalf of the signed-in user.",Read resource specific permissions granted on a team
f1d91a8f-88e7-4774-8401-b668d5bca0c5,ResourceSpecificPermissionGrant.ReadForUser,Reports Reader,"Allows the app to read the resource specific permissions granted on a user account, on behalf of the signed-in user.",Read resource specific permissions granted on a user account
e197c06f-ae7b-4398-b0a2-89f76ebca159,RiskPreventionProviders.Read.All,Security Reader,"Allows the app to read your organization's risk prevention providers, on behalf of the signed-in user.",Read all identity risk prevention providers
2a7babba-9623-4109-bc9c-79728cf3bb4f,RiskPreventionProviders.ReadWrite.All,Security Administrator,"Allows the app to read and write your organization's risk prevention providers, on behalf of the signed-in user.",Read and write all identity risk prevention providers
344a729c-0285-42c6-9014-f12b9b8d6129,RoleAssignmentSchedule.Read.Directory,Directory Readers,"Allows the app to read the active role-based access control (RBAC) assignments for your company's directory, on behalf of the signed-in user. This includes reading directory role templates, and directory roles.",Read all active role assignments for your company's directory
8c026be3-8e26-4774-9372-8d5d6f21daff,RoleAssignmentSchedule.ReadWrite.Directory,Privileged Role Administrator,"Allows the app to read and manage the active role-based access control (RBAC) assignments for your company's directory, on behalf of the signed-in user. This includes managing active directory role membership, and reading directory role templates, directory roles and active memberships.","Read, update, and delete all active role assignments for your company's directory"
f71cd05c-3fdb-4568-aef2-e1cf62ee20d4,RoleAssignmentSchedule.Remove.Directory,Privileged Role Administrator,"Allows the app to delete the active role-based access control (RBAC) assignments for your company's directory, on behalf of the signed-in user.",Delete all active role assignments for your company's directory
eb0788c2-6d4e-4658-8c9e-c0fb8053f03d,RoleEligibilitySchedule.Read.Directory,Directory Readers,"Allows the app to read the eligible role-based access control (RBAC) assignments for your company's directory, on behalf of the signed-in user. This includes reading directory role templates, and directory roles.",Read all eligible role assignments for your company's directory
62ade113-f8e0-4bf9-a6ba-5acb31db32fd,RoleEligibilitySchedule.ReadWrite.Directory,Privileged Role Administrator,"Allows the app to read and manage the eligible role-based access control (RBAC) assignments for your company's directory, on behalf of the signed-in user. This includes managing eligible directory role membership, and reading directory role templates, directory roles and eligible memberships.","Read, update, and delete  all eligible role assignments for your company's directory"
58ac4fa2-b484-4d6e-ba97-beee2a574220,RoleEligibilitySchedule.Remove.Directory,Privileged Role Administrator,"Allows the app to delete the eligible role-based access control (RBAC) assignments for your company's directory, on behalf of the signed-in user.",Delete all eligible role assignments for your company's directory
48fec646-b2ba-4019-8681-8eb31435aded,RoleManagement.Read.All,Directory Readers,"Allows the app to read the role-based access control (RBAC) settings for all RBAC providers, on behalf of the signed-in user.  This includes reading role definitions and role assignments.",Read role management data for all RBAC providers
9619b88a-8a25-48a7-9571-d23be0337a79,RoleManagement.Read.CloudPC,Windows 365 Administrator,"Allows the app to read the Cloud PC role-based access control (RBAC) settings, on behalf of the signed-in user.ï¿½ï¿½ This includes reading Cloud PC role definitions and role assignments.",Read Cloud PC RBAC settings
dd689728-6eb8-4deb-bd38-2924a935f3de,RoleManagement.Read.Defender,Security Reader,"Allows the app to read the role-based access control (RBAC) settings for your company's directory, on behalf of the signed-in user. This includes reading M365 Defender role definitions and role assignments.",Read M365 Defender RBAC configuration
741c54c3-0c1e-44a1-818b-3f97ab4e8c83,RoleManagement.Read.Directory,Directory Readers,"Allows the app to read the role-based access control (RBAC) settings for your company's directory, on behalf of the signed-in user.  This includes reading directory role templates, directory roles and memberships.",Read directory RBAC settings
3bc15058-7858-4141-b24f-ae43b4e80b52,RoleManagement.Read.Exchange,Exchange Recipient Administrator,"Allows the app to read the role-based access control (RBAC) settings for your organization's Exchange Online service, on behalf of the signed-in user. This includes reading Exchange management role definitions, role groups, role group membership, role assignments, management scopes, and role assignment policies.",Read Exchange Online RBAC configuration
501d06f8-07b8-4f18-b5c6-c191a4af7a82,RoleManagement.ReadWrite.CloudPC,Permissions Management Administrator,"Allows the app to read and manage the Cloud PC role-based access control (RBAC) settings, on behalf of the signed-in user. This includes reading and managing Cloud PC role definitions and role assignments.",Read and write Cloud PC RBAC settings
d8914f8f-9f64-4bd1-b4d3-f5a701ed8457,RoleManagement.ReadWrite.Defender,Security Reader,"Allows the app to read the role-based access control (RBAC) settings for your company's directory, on behalf of the signed-in user. This includes reading M365 Defender role definitions and role assignments.",Read M365 Defender RBAC configuration
d01b97e9-cbc0-49fe-810a-750afd5527a3,RoleManagement.ReadWrite.Directory,Privileged Role Administrator,"Allows the app to read and manage the role-based access control (RBAC) settings for your company's directory, on behalf of the signed-in user. This includes instantiating directory roles and managing directory role membership, and reading directory role templates, directory roles and memberships.",Read and write directory RBAC settings
c1499fe0-52b1-4b22-bed2-7a244e0e879f,RoleManagement.ReadWrite.Exchange,Exchange Administrator,"Allows the app to read and manage the role-based access control (RBAC) settings for your organization's Exchange Online service, on behalf of the signed-in user. This includes reading, creating, updating, and deleting Exchange management role definitions, role groups, role group membership, role assignments, management scopes, and role assignment policies.",Read and write Exchange Online RBAC configuration
cce71173-f76d-446e-97ff-efb2d82e11b1,RoleManagementAlert.Read.Directory,Security Reader,"Allows the app to read the role-based access control (RBAC) alerts for your company's directory, on behalf of the signed-in user. This includes reading alert statuses, alert definitions, alert configurations and incidents that lead to an alert.",Read all alert data for your company's directory
435644c6-a5b1-40bf-8f52-fe8e5b53e19c,RoleManagementAlert.ReadWrite.Directory,Security Reader,"Allows the app to read and manage the role-based access control (RBAC) alerts for your company's directory, on behalf of the signed-in user. This includes managing alert settings, initiating alert scans, dismissing alerts, remediating alert incidents, and reading alert statuses, alert definitions, alert configurations and incidents that lead to an alert.","Read all alert data, configure alerts, and take actions on all alerts for your company's directory"
7e26fdff-9cb1-4e56-bede-211fe0e420e8,RoleManagementPolicy.Read.AzureADGroup,Privileged Role Administrator,"Allows the app to read policies in Privileged Identity Management for Groups, on behalf of the signed-in user.",Read all policies in PIM for Groups
3de2cdbe-0ff5-47d5-bdee-7f45b4749ead,RoleManagementPolicy.Read.Directory,Privileged Role Administrator,"Allows the app to read policies for privileged role-based access control (RBAC) assignments of your company's directory, on behalf of the signed-in user.",Read all policies for privileged role assignments of your company's directory
0da165c7-3f15-4236-b733-c0b0f6abe41d,RoleManagementPolicy.ReadWrite.AzureADGroup,Privileged Role Administrator,"Allows the app to read, update, and delete policies in Privileged Identity Management for Groups, on behalf of the signed-in user.","Read, update, and delete all policies in PIM for Groups"
1ff1be21-34eb-448c-9ac9-ce1f506b2a68,RoleManagementPolicy.ReadWrite.Directory,Privileged Role Administrator,"Allows the app to read, update, and delete policies for privileged role-based access control (RBAC) assignments of your company's directory, on behalf of the signed-in user.","Read, update, and delete all policies for privileged role assignments of your company's directory"
fccf6dd8-5706-49fa-811f-69e2e1b585d0,Schedule.Read.All,Global Reader,"Allows the app to read schedule, schedule groups, shifts and associated entities in the Teams or Shifts application on behalf of the signed-in user.",Read user schedule items
63f27281-c9d9-4f29-94dd-6942f7f1feb0,Schedule.ReadWrite.All,Teams Administrator,"Allows the app to manage schedule, schedule groups, shifts and associated entities in the Teams or Shifts application on behalf of the signed-in user.",Read and write user schedule items
07919803-6073-4cd8-bc55-28077db0ee10,SchedulePermissions.ReadWrite.All,Teams Administrator,Allows the app to read/write schedule permissions for a specific role in Shifts application on behalf of the signed-in user.,Read/Write schedule permissions for a role.
7d307522-aa38-4cd0-bd60-90c6f0ac50bd,SearchConfiguration.Read.All,Search Administrator,"Allows the app to read search configuration, on behalf of the signed-in user.",Read your organization's search configuration
b1a7d408-cab0-47d2-a2a5-a74a3733600d,SearchConfiguration.ReadWrite.All,Search Administrator,"Allows the app to read and write search configuration, on behalf of the signed-in user.",Read and write your organization's search configuration
1638cddf-07a4-4de2-8645-69c96cacad73,SecurityActions.Read.All,Security Reader,"Allows the app to read security actions, on behalf of the signed-in user.",Read your organization's security actions
dc38509c-b87d-4da0-bd92-6bec988bac4a,SecurityActions.ReadWrite.All,Security Operator,"Allows the app to read or update security actions, on behalf of the signed-in user.",Read and update your organization's security actions
bc257fb8-46b4-4b15-8713-01e91bfbe4ea,SecurityAlert.Read.All,Security Reader,"Allows the app to read all security alerts, on behalf of the signed-in user.",Read all security alerts
471f2a7f-2a42-4d45-a2bf-594d0838070d,SecurityAlert.ReadWrite.All,Security Operator,"Allows the app to read and write to all security alerts, on behalf of the signed-in user.",Read and write to all security alerts
53e6783e-b127-4a35-ab3a-6a52d80a9077,SecurityAnalyzedMessage.Read.All,Security Reader,Read email metadata and security detection details on behalf of the signed in user.,Read metadata and detection details for emails in your organization
48eb8c83-6e58-46e7-a6d3-8805822f5940,SecurityAnalyzedMessage.ReadWrite.All,Security Reader,"Read email metadata, security detection details, and execute remediation actions like deleting an email, on behalf of the signed in user.","Read metadata, detection details, and execute remediation actions on emails in your organization"
64733abd-851e-478a-bffb-e47a14b18235,SecurityEvents.Read.All,Security Reader,Allows the app to read your organizationï¿½??s security events on behalf of the signed-in user.,Read your organizationï¿½??s security events
6aedf524-7e1c-45a7-bd76-ded8cab8d0fc,SecurityEvents.ReadWrite.All,Security Operator,Allows the app to read your organizationï¿½??s security events on behalf of the signed-in user. Also allows the app to update editable properties in security events on behalf of the signed-in user.,Read and update your organizationï¿½??s security events
a0d0da43-a6df-4416-b63d-99c79991aae8,SecurityIdentitiesHealth.Read.All,Security Reader,Allows the app to read all the identity security health issues of signed user,Read identity security health issues
53e51eec-2d9b-4990-97f3-c9aa5d5652c3,SecurityIdentitiesHealth.ReadWrite.All,Security Operator,Allows the app to read and write identity security health issues on behalf of the signed-in user.,Read and write identity security health issues
2c221239-7c5c-4b30-9355-d84663bfcd96,SecurityIdentitiesSensors.Read.All,Security Reader,Allows the app to read all the identity security sensors of signed user,Read identity security sensors
087c3ad9-c2ca-4b82-9885-d5e25ce9e183,SecurityIdentitiesSensors.ReadWrite.All,Security Operator,Allows the app to read and write identity security sensors on behalf of the signed-in user.,Read and write identity security sensors
c7d0a939-da1c-4aca-80fa-d0a6cd924801,SecurityIdentitiesUserActions.Read.All,Security Reader,Allows the app to read all the identity security available user actions of signed user,Read identity security available user actions
bf230e97-1957-4df6-b3f6-57f9029eacdf,SecurityIdentitiesUserActions.ReadWrite.All,Security Operator,Allows the app to read and write identity security available user actions on behalf of the signed-in user.,Read and perform identity security available user actions
b9abcc4f-94fc-4457-9141-d20ce80ec952,SecurityIncident.Read.All,Security Reader,"Allows the app to read security incidents, on behalf of the signed-in user.",Read incidents
128ca929-1a19-45e6-a3b8-435ec44a36ba,SecurityIncident.ReadWrite.All,Security Operator,"Allows the app to read and write security incidents, on behalf of the signed-in user.",Read and write to incidents
1fe7aa48-9373-4a47-8df3-168335e0f4c9,ServiceActivity-Exchange.Read.All,Global Reader,"Allows the app to read all Exchange service activity, on behalf of the signed-in user.",Read all Exchange service activity
d74c75b1-d5a9-479d-902d-92f8f99182c1,ServiceActivity-Microsoft365Web.Read.All,Reports Reader,"Allows the app to read all Microsoft 365 Web service activity, on behalf of the signed-in user.",Read all Microsoft 365 Web service activity
347e3c16-30f3-4ac7-9b52-fc3c053de9c9,ServiceActivity-OneDrive.Read.All,Reports Reader,"Allows the app to read all One Drive service activity, on behalf of the signed-in user.",Read all One Drive service activity
404d76f0-e10e-460a-92be-ef19600c54d1,ServiceActivity-Teams.Read.All,Reports Reader,"Allows the app to read all Teams service activity, on behalf of the signed-in user.",Read all Teams service activity
55896846-df78-47a7-aa94-8d3d4442ca7f,ServiceHealth.Read.All,Service Support Administrator,Allows the app to read your tenant's service health information on behalf of the signed-in user. Health information may include service issues or service health overviews.,Read service health
eda39fa6-f8cf-4c3c-a909-432c683e4c9b,ServiceMessage.Read.All,Message Center Reader,Allows the app to read your tenant's service announcement messages on behalf of the signed-in user. Messages may include information about new or changed features.,Read service announcement messages
636e1b0b-1cc2-4b1c-9aa9-4eeed9b9761b,ServiceMessageViewpoint.Write,Service Support Administrator,"Allows the app to update service announcement messages' user status on behalf of the signed-in user. The message status can be marked as read, archive, or favorite.",Update user status on service announcement messages
9f9ce928-e038-4e3b-8faf-7b59049a8ddc,ServicePrincipalEndpoint.Read.All,Directory Readers,Allows the app to read service principal endpoints,Read service principal endpoints
7297d82c-9546-4aed-91df-3d4f0a9b3ff0,ServicePrincipalEndpoint.ReadWrite.All,Application Administrator,Allows the app to update service principal endpoints,Read and update service principal endpoints
2ef70e10-5bfd-4ede-a5f6-67720500b258,SharePointTenantSettings.Read.All,SharePoint Administrator,Allows the application to read the tenant-level settings in SharePoint and OneDrive on behalf of the signed-in user.,Read SharePoint and OneDrive tenant settings
aa07f155-3612-49b8-a147-6c590df35536,SharePointTenantSettings.ReadWrite.All,SharePoint Administrator,Allows the application to read and change the tenant-level settings of SharePoint and OneDrive on behalf of the signed-in user.,Read and change SharePoint and OneDrive tenant settings
5a54b8b3-347c-476d-8f8e-42d5c7424d29,Sites.FullControl.All,SharePoint Administrator,Allows the application to have full control of all site collections on behalf of the signed-in user.,Have full control of all site collections
9b4aa4b1-aaf3-41b7-b743-698b27e77ff6,SpiffeTrustDomain.Read.All,Global Reader,Allows the app to read your organization's SPIFFE trust domains and child resources on behalf of the user.,Read SPIFFE trust domains and child resources
8ba47079-8c47-4bfe-b2ce-13f28ef37247,SpiffeTrustDomain.ReadWrite.All,Global Administrator,Allows the app to read and write your organization's SPIFFE trust domains and child resources on behalf of the user.,Read and write SPIFFE trust domains and child resources
9c3af74c-fd0f-4db4-b17a-71939e2a9d77,SubjectRightsRequest.Read.All,Message Center Privacy Reader,Allows the app to read subject rights requests on behalf of the signed-in user,Read subject rights requests
2b8fcc74-bce1-4ae3-a0e8-60c53739299d,SubjectRightsRequest.ReadWrite.All,User Administrator,Allows the app to read and write subject rights requests on behalf of the signed-in user,Read and write subject rights requests
5f88184c-80bb-4d52-9ff2-757288b2e9b7,Subscription.Read.All,Global Reader,Allows the app to read all webhook subscriptions on behalf of the signed-in user.,Read all webhook subscriptions 
7aa02aeb-824f-4fbe-a3f7-611f751f5b55,Synchronization.Read.All,Hybrid Identity Administrator,"Allows the app to read Azure AD synchronization information, on behalf of the signed-in user.",Read all Azure AD synchronization data
7bb27fa3-ea8f-4d67-a916-87715b6188bd,Synchronization.ReadWrite.All,Hybrid Identity Administrator,"Allows the app to configure the Azure AD synchronization service, on behalf of the signed-in user.",Read and write all Azure AD synchronization data
1a2e7420-4e92-4d2b-94cb-fb2952e9ddf7,SynchronizationData-User.Upload,Hybrid Identity Administrator,"Allows the app to upload bulk user data to the identity synchronization service, on behalf of the signed-in user.",Upload user data to the identity synchronization service
2497278c-d82d-46a2-b1ce-39d4cdde5570,TeamMember.Read.All,Teams Administrator,"Read the members of teams, on behalf of the signed-in user.",Read the members of teams
4a06efd2-f825-4e34-813e-82a57b03d1ee,TeamMember.ReadWrite.All,Teams Administrator,"Add and remove members from teams, on behalf of the signed-in user. Also allows changing a member's role, for example from owner to non-owner.",Add and remove members from teams
2104a4db-3a2f-4ea0-9dba-143d457dc666,TeamMember.ReadWriteNonOwnerRole.All,Groups Administrator,"Add and remove members from all teams, on behalf of the signed-in user. Does not allow adding or removing a member with the owner role. Additionally, does not allow the app to elevate an existing member to the owner role.",Add and remove members with non-owner role for all teams
d1ba22c6-3f02-4c91-addb-bc3399bcca88,TeamsAppInstallation.ManageSelectedForChat,Teams Administrator,"Allows the app to read, install, upgrade, and uninstall selected Teams apps in chats the signed-in user can access. Gives the ability to manage permission grants for accessing those specific chats' data.",Manage installation and permission grants of selected Teams apps in chats
c67b2d7e-6b80-4218-938a-05e73058e42d,TeamsAppInstallation.ManageSelectedForTeam,Teams Administrator,"Allows the app to read, install, upgrade, and uninstall Teams apps in teams the signed-in user can access. Gives the ability to manage permission grants for accessing those specific teams' data.",Manage installation and permission grants of selected Teams apps in teams
830c2bd9-c335-4caf-bf83-c07fa8a23ef1,TeamsAppInstallation.ManageSelectedForUser,Teams Administrator,"Allows the app to read, install, upgrade, and uninstall seleected Teams apps in user accounts, on behalf of the signed-in user. Gives the ability to manage permission grants for accessing those specific users' data.",Manage installation and permission grants of selected Teams apps in users' personal scope
5248dcb1-f83b-4ec3-9f4d-a4428a961a72,TeamsAppInstallation.ReadForTeam,Global Reader,Allows the app to read the Teams apps that are installed in teams the signed-in user can access. Does not give the ability to read application-specific settings.,Read installed Teams apps in teams
0f3420c2-c6ec-46de-ab72-fd51267087d5,TeamsAppInstallation.ReadSelectedForChat,Reports Reader,Allows the app to read the selected Teams apps that are installed in chats the signed-in user can access. Does not give the ability to read application-specific settings.,Read selected installed Teams apps in chats
b55df1c0-db20-435b-aef2-afe6ed487e16,TeamsAppInstallation.ReadSelectedForTeam,Reports Reader,Allows the app to read the selected Teams apps that are installed in teams the signed-in user can access. Does not give the ability to read application-specific settings.,Read selected installed Teams apps in teams
fe2e4e1d-101f-4fb2-9cb1-9d6659db45d4,TeamsAppInstallation.ReadSelectedForUser,Reports Reader,Allows the app to read the selected Teams apps that are installed for the signed-in user. Does not give the ability to read application-specific settings.,Read user's selected installed Teams apps
e1408a66-8f82-451b-a2f3-3c3e38f7413f,TeamsAppInstallation.ReadWriteAndConsentForChat,Teams Administrator,"Allows the app to read, install, upgrade, and uninstall Teams apps in chats the signed-in user can access. Gives the ability to manage permission grants for accessing those specific chats' data.",Manage installed Teams apps in chats
946349d5-2a9d-4535-abc0-7beeacaedd1d,TeamsAppInstallation.ReadWriteAndConsentForTeam,Teams Administrator,"Allows the app to read, install, upgrade, and uninstall Teams apps in teams the signed-in user can access. Gives the ability to manage permission grants for accessing those specific teams' data.",Manage installed Teams apps in teams
2da62c49-dfbd-40df-ba16-fef3529d391c,TeamsAppInstallation.ReadWriteAndConsentForUser,Teams Administrator,"Allows the app to read, install, upgrade, and uninstall Teams apps in user accounts, on behalf of the signed-in user. Gives the ability to manage permission grants for accessing those specific users' data.",Manage installation and permission grants of Teams apps in users' personal scope
a0e0e18b-8fb2-458f-8130-da2d7cab9c75,TeamsAppInstallation.ReadWriteAndConsentSelfForChat,Teams Administrator,"Allows a Teams app to read, install, upgrade, and uninstall itself in chats the signed-in user can access, and manage its permission grants for accessing those specific chats' data.",Allow the Teams app to manage itself and its permission grants in chats
4a6bbf29-a0e1-4a4d-a7d1-cef17f772975,TeamsAppInstallation.ReadWriteAndConsentSelfForTeam,Teams Administrator,"Allows a Teams app to read, install, upgrade, and uninstall itself in teams the signed-in user can access, and manage its permission grants for accessing those specific teams' data.",Allow the Teams app to manage itself and its permission grants in teams
7a349935-c54d-44ab-ab66-1b460d315be7,TeamsAppInstallation.ReadWriteAndConsentSelfForUser,User Administrator,"Allows a Teams app to read, install, upgrade, and uninstall itself in user accounts, and manage its permission grants for accessing those specific users' data, on behalf of the signed-in user.",Allow the Teams app to manage itself and its permission grants in user accounts
aa85bf13-d771-4d5d-a9e6-bca04ce44edf,TeamsAppInstallation.ReadWriteForChat,Teams Administrator,"Allows the app to read, install, upgrade, and uninstall Teams apps in chats the signed-in user can access. Does not give the ability to read application-specific settings.",Manage installed Teams apps in chats
2e25a044-2580-450d-8859-42eeb6e996c0,TeamsAppInstallation.ReadWriteForTeam,Teams Administrator,"Allows the app to read, install, upgrade, and uninstall Teams apps in teams the signed-in user can access. Does not give the ability to read application-specific settings.",Manage installed Teams apps in teams
093f8818-d05f-49b8-95bc-9d2a73e9a43c,TeamsAppInstallation.ReadWriteForUser,Teams Administrator,"Allows the app to read, install, upgrade, and uninstall Teams apps installed for the signed-in user. Does not give the ability to read application-specific settings.",Manage user's installed Teams apps
690aa3b6-4b71-41c2-a990-77a8c4768d2b,TeamsAppInstallation.ReadWriteSelectedForChat,Teams Administrator,"Allows the app to read, install, upgrade, and uninstall selected Teams apps in chats the signed-in user can access. Does not give the ability to read application-specific settings.",Manage selected Teams apps installed in chats
9131c833-9a49-4c54-b38f-615ecfc4fc69,TeamsAppInstallation.ReadWriteSelectedForTeam,Teams Administrator,"Allows the app to read, install, upgrade, and uninstall selected Teams apps in teams the signed-in user can access. Does not give the ability to read application-specific settings.",Manage selected Teams apps installed in teams
ea819e27-c92a-4118-b83b-4540b125d744,TeamsAppInstallation.ReadWriteSelectedForUser,User Administrator,"Allows the app to read, install, upgrade, and uninstall selected Teams apps installed for the signed in user. Does not give the ability to read application-specific settings.",Manage selected Teams apps installed for a user
0ce33576-30e8-43b7-99e5-62f8569a4002,TeamsAppInstallation.ReadWriteSelfForChat,Teams Administrator,"Allows a Teams app to read, install, upgrade, and uninstall itself in chats the signed-in user can access.",Allow the Teams app to manage itself in chats
0f4595f7-64b1-4e13-81bc-11a249df07a9,TeamsAppInstallation.ReadWriteSelfForTeam,Teams Administrator,"Allows a Teams app to read, install, upgrade, and uninstall itself to teams the signed-in user can access.",Allow the app to manage itself in teams
48638b3c-ad68-4383-8ac4-e6880ee6ca57,TeamSettings.Read.All,Teams Administrator,"Read all teams' settings, on behalf of the signed-in user.",Read teams' settings
39d65650-9d3e-4223-80db-a335590d027e,TeamSettings.ReadWrite.All,Teams Administrator,"Read and change all teams' settings, on behalf of the signed-in user.",Read and change teams' settings
6997c35c-a586-440c-8a0b-4ffe5d118dc0,TeamsPolicyUserAssign.ReadWrite.All,Teams Administrator,Allow the app to read or write/update the policy assignment and unassigment for Teams users for all policy type categories.,Read and Write Teams policy user assignment and unassigment for all policy types.
ea2cbd09-253c-4f69-a0e6-07383c5f07cc,TeamsResourceAccount.Read.All,Global Reader,Allows the app to read your tenant's resource accounts on behalf of the signed-in admin user.,Read Teams resource accounts
a9ff19c2-f369-4a95-9a25-ba9d460efc8e,TeamsTab.Create,Teams Administrator,"Allows the app to create tabs in any team in Microsoft Teams, on behalf of the signed-in user. This does not grant the ability to read, modify or delete tabs after they are created, or give access to the content inside the tabs.",Create tabs in Microsoft Teams.
59dacb05-e88d-4c13-a684-59f1afc8cc98,TeamsTab.Read.All,Teams Administrator,"Read the names and settings of tabs inside any team in Microsoft Teams, on behalf of the signed-in user. This does not give access to the content inside the tabs.",Read tabs in Microsoft Teams.
b98bfd41-87c6-45cc-b104-e2de4f0dafb9,TeamsTab.ReadWrite.All,Teams Administrator,"Read and write tabs in any team in Microsoft Teams, on behalf of the signed-in user. This does not give access to the content inside the tabs.",Read and write tabs in Microsoft Teams.
ee928332-e9c2-4747-b4a0-f8c164b68de6,TeamsTab.ReadWriteForChat,Teams Administrator,"Allows a Teams app to read, install, upgrade, and uninstall all tabs in chats the signed-in user can access.",Allow the Teams app to manage all tabs in chats
c975dd04-a06e-4fbb-9704-62daad77bb49,TeamsTab.ReadWriteForTeam,Teams Administrator,"Allows a Teams app to read, install, upgrade, and uninstall all tabs to teams the signed-in user can access.",Allow the Teams app to manage all tabs in teams
0c219d04-3abf-47f7-912d-5cca239e90e6,TeamsTab.ReadWriteSelfForChat,Teams Administrator,"Allows a Teams app to read, install, upgrade, and uninstall its own tabs in chats the signed-in user can access.",Allow the Teams app to manage only its own tabs in chats
f266662f-120a-4314-b26a-99b08617c7ef,TeamsTab.ReadWriteSelfForTeam,Teams Administrator,"Allows a Teams app to read, install, upgrade, and uninstall its own tabs to teams the signed-in user can access.",Allow the Teams app to manage only its own tabs in teams
1bc6eab1-058d-4557-b011-d4c41cec88b7,TeamsTelephoneNumber.Read.All,Teams Telephony Administrator,"Allows the app to read your tenant's acquired telephone number details on behalf of the signed-in admin user. Acquired telephone numbers may include attributes related to assigned object, emergency location, network site, etc.",Read Tenant-Acquired Telephone Number Details
424b07a8-1209-4d17-9fe4-9018a93a1024,TeamsTelephoneNumber.ReadWrite.All,Teams Telephony Administrator,"Allows the app to read and modify your tenant's acquired telephone number details on behalf of the signed-in admin user. Acquired telephone numbers may include attributes related to assigned object, emergency location, network site, etc.",Read and Modify Tenant-Acquired Telephone Number Details
5c469ce4-dab5-4afd-b9de-14f1ba4004a7,TeamsUserConfiguration.Read.All,Teams Administrator,"Allows the app to read your tenant's user configurations on behalf of the signed-in admin user. User configuration may include attributes related to user, such as telephone number, assigned policies, etc.",Read Teams user configurations
594f4bb6-c083-4cf9-8aa8-213823bdf351,Teamwork.Read.All,Teams Administrator,"Allows the app to read the teamwork settings of the organization, on behalf of the signed-in user.",Read organizational teamwork settings
87c556f0-2bd9-4eed-bd74-5dd8af6eaf7e,TeamworkAppSettings.ReadWrite.All,Global Reader,Allows the app to read and write the Teams app settings on behalf of the signed-in user.,Read and write Teams app settings
b659488b-9d28-4208-b2be-1c6652b3c970,TeamworkDevice.Read.All,Teams Devices Administrator,Allow the app to read the management data for Teams devices on behalf of the signed-in user.,Read Teams devices
ddd97ecb-5c31-43db-a235-0ee20e635c40,TeamworkDevice.ReadWrite.All,Teams Devices Administrator,Allow the app to read and write the management data for Teams devices on behalf of the signed-in user.,Read and write Teams devices
57587d0b-8399-45be-b207-8050cec54575,TeamworkTag.Read,Directory Readers,"Allows the app to read tags in Teams, on behalf of the signed-in user.",Read tags in Teams
539dabd7-b5b6-4117-b164-d60cd15a8671,TeamworkTag.ReadWrite,Teams Administrator,"Allows the app to read and write tags in Teams, on behalf of the signed-in user.",Read and write tags in Teams
b4d26916-07e0-4daf-9096-9f6d9174aa96,TeamworkUserInteraction.Read.All,Global Reader,Allows the app to read all of the possible Teams interactions between the signed-in user and other users,Read all of the possible Teams interactions between the user and other users
297f747b-0005-475b-8fef-c890f5152b38,TermStore.Read.All,Directory Readers,"Allows the app to read the term store data that the signed-in user has access to. This includes all sets, groups and terms in the term store.",Read term store data
6c37c71d-f50f-4bff-8fd3-8a41da390140,TermStore.ReadWrite.All,Knowledge Administrator,"Allows the app to read or modify data that the signed-in user has access to.ï¿½ï¿½This includes all sets, groups and terms in the term store.",Read and write term store data
cac97e40-6730-457d-ad8d-4852fddab7ad,ThreatAssessment.ReadWrite.All,Security Reader,Allows an app to read your organization's threat assessment requests on behalf of the signed-in user. Also allows the app to create new requests to assess threats received by your organization on behalf of the signed-in user.,Read and write threat assessment requests
b152eca8-ea73-4a48-8c98-1a6742673d99,ThreatHunting.Read.All,Security Reader,"Allows the app to run hunting queries, on behalf of the signed-in user.",Run hunting queries
9cc427b4-2004-41c5-aa22-757b755e9796,ThreatIndicators.Read.All,Security Reader,"Allows the app to read all the indicators for your organization, on behalf of the signed-in user.",Read all threat indicators
91e7d36d-022a-490f-a748-f8e011357b42,ThreatIndicators.ReadWrite.OwnedBy,Security Operator,"Allows the app to create threat indicators, and fully manage those threat indicators (read, update and delete), on behalf of the signed-in user. ï¿½ï¿½It cannot update any threat indicators it does not own.",Manage threat indicators this app creates or owns
f266d9c0-ccb9-4fb8-a228-01ac0d8d6627,ThreatIntelligence.Read.All,Security Reader,"Allows the app to read threat intelligence information, such as indicators, observations, and articles, on behalf of the signed-in user.",Read all threat intelligence information
7083913a-4966-44b6-9886-c5822a5fd910,ThreatSubmission.Read.All,Security Reader,Allows the app to read your organization's threat submissions and threat submission policies on behalf of the signed-in user.,Read all threat submissions
8458e264-4eb9-4922-abe9-768d58f13c7f,ThreatSubmission.ReadWrite.All,Security Operator,Allows the app to read your organization's threat submissions and threat submission policies on behalf of the signed-in user. Also allows the app to create new threat submissions on behalf of the signed-in user.,Read and write all threat submissions
059e5840-5353-4c68-b1da-666a033fc5e8,ThreatSubmissionPolicy.ReadWrite.All,Security Administrator,Allows the app to read your organization's threat submission policies on behalf of the signed-in user. Also allows the app to create new threat submission policies on behalf of the signed-in user.,Read and write all threat submission policies
79c4c76f-409a-4f98-884d-e2c09291ec26,Topic.Read.All,Global Reader,Allows the app to read topics data on behalf of the signed-in user.,Read topic items
7ad34336-f5b1-44ce-8682-31d7dfcd9ab9,TrustFrameworkKeySet.Read.All,B2C IEF Keyset Administrator,Allows the app to read trust framework key set properties on behalf of the signed-in user.,Read trust framework key sets
39244520-1e7d-4b4a-aee0-57c65826e427,TrustFrameworkKeySet.ReadWrite.All,B2C IEF Keyset Administrator,Allows the app to read and write trust framework key set properties on behalf of the signed-in user.,Read and write trust framework key sets
73e75199-7c3e-41bb-9357-167164dbb415,UnifiedGroupMember.Read.AsGuest,Directory Readers,"Allows the app to read basic unified group properties, memberships and owners of the group the signed-in guest is a member of.",Read unified group memberships as guest
550e695c-7511-40f4-ac79-e8fb9c82552d,User-ConvertToInternal.ReadWrite.All,User Administrator,"Allow the app to convert an external user to an internal member user, on behalf of signed-in user.",Convert an external user to internal memeber user
ed8d2a04-0374-41f1-aefe-da8ac87ccc87,User-LifeCycleInfo.Read.All,Directory Readers,"Allows the app to read the lifecycle information like employeeLeaveDateTime of users in your organization, on behalf of the signed-in user.",Read all users' lifecycle information
7ee7473e-bd4b-4c9f-987c-bd58481f5fa2,User-LifeCycleInfo.ReadWrite.All,User Administrator,"Allows the app to read and write the lifecycle information like employeeLeaveDateTime of users in your organization, on behalf of the signed-in user.",Read and write all users' lifecycle information
6166886a-9576-433b-8544-658177bdef1d,User-Mail.ReadWrite.All,User Administrator,"Allows the app to read and write secondary mail addresses for all users, on behalf of the signed-in user.",Read and write secondary mail addresses for users
56760768-b641-451f-8906-e1b8ab31bca7,User-PasswordProfile.ReadWrite.All,Helpdesk Administrator,"Allows the app to read and write password profiles and reset passwords for all users, on behalf of the signed-in user.",Read and write password profiles and reset user passwords
e29d5979-5b06-4a7f-ae24-6a9348d2e1ff,User-Phone.ReadWrite.All,User Administrator,"Allows the app to read and write the mobile phone and business phones for all users, on behalf of the signed-in user.",Read and write user mobile phone and business phones
4bb440cd-2cf2-4f90-8004-aa2acd2537c5,User.DeleteRestore.All,User Administrator,"Allows the app to delete and restore all users, on behalf of the signed-in user.",Delete and restore users
f92e74e7-2563-467f-9dd0-902688cb5863,User.EnableDisableAccount.All,User Administrator,"Allows the app to enable and disable users' accounts, on behalf of the signed-in user.",Enable and disable user accounts
405a51b5-8d8d-430b-9842-8be4b0e9f324,User.Export.All,Global Reader,"Allows the app to export data (e.g. customer content or system-generated logs), associated with any user in your company, when the app is used by a privileged user (e.g. a Company Administrator).",Export user's data
63dd7cd9-b489-4adf-a28c-ac38b9a0f962,User.Invite.All,Guest Inviter,"Allows the app to invite guest users to the organization, on behalf of the signed-in user.",Invite guest users to the organization
637d7bec-b31e-4deb-acc9-24275642a2c9,User.ManageIdentities.All,User Administrator,"Allows the app to read, update and delete identities that are associated with a user's account that the signed-in user has access to. This controls the identities users can sign-in with.",Manage  user identities
a154be20-db9c-4678-8ab7-66f6cc099a59,User.Read.All,Directory Readers,"Allows the app to read the full set of profile properties, reports, and managers of other users in your organization, on behalf of the signed-in user.",Read all users' full profiles
204e0828-b5ca-4ad8-b9f3-f32a958e7cc4,User.ReadWrite.All,User Administrator,"Allows the app to read and write the full set of profile properties, reports, and managers of other users in your organization, on behalf of the signed-in user.",Read and write all users' full profiles
fc30e98b-8810-4501-81f5-c20a3196387b,User.RevokeSessions.All,Helpdesk Administrator,"Allow the app to revoke all sign in sessions for a user, on behalf of a signed-in user.",Revoke all sign in sessions for a user
1f6b61c5-2f65-4135-9c9f-31c0f8d32b52,UserAuthenticationMethod.Read,Reports Reader,"Allows the app to read the signed-in user's authentication methods, including phone numbers and Authenticator app settings. This does not allow the app to see secret information like the signed-in user's passwords, or to sign-in  or otherwise use the signed-in user's authentication methods.",Read user authentication methods.
aec28ec7-4d02-4e8c-b864-50163aea77eb,UserAuthenticationMethod.Read.All,Helpdesk Administrator,"Allows the app to read authentication methods of all users in your organization that the signed-in user has access to. Authentication methods include things like a userï¿½??s phone numbers and Authenticator app settings. This does not allow the app to see secret information like passwords, or to sign-in or otherwise use the authentication methods.",Read all users' authentication methods
48971fc1-70d7-4245-af77-0beb29b53ee2,UserAuthenticationMethod.ReadWrite,User Administrator,"Allows the app to read and write the signed-in user's authentication methods, including phone numbers and Authenticator app settings.                       This does not allow the app to see secret information like the signed-in user's passwords, or                      to sign-in or otherwise use the signed-in user's authentication methods.  ",Read and write user authentication methods
b7887744-6746-4312-813d-72daeaee7e2d,UserAuthenticationMethod.ReadWrite.All,Authentication Administrator," Allows the app to read and write authentication methods of all users in your organization that the signed-in user has access to.                       Authentication methods include things like a userï¿½??s phone numbers and Authenticator app settings. This                      does not allow the app to see secret information like passwords, or to sign-in or otherwise use the authentication methods.",Read and write all users' authentication methods.
14195339-1fe4-48a7-a0d3-a39eb9fd8958,UserAuthMethod-Passkey.Read.All,Helpdesk Administrator,"Allows the app to read passkey authentication methods of all users in your organization that the signed-in user has access to. This does not allow the app to see secret information like passwords, or to sign-in or otherwise use the authentication methods.",Read all users' passkey authentication methods
64930478-d0ea-4671-ad72-fe0d9821df09,UserAuthMethod-Passkey.ReadWrite.All,User Administrator,"Allows the app to read and write passkey authentication methods of all users in your organization that the signed-in user has access to. This does not allow the app to see secret information like passwords, or to sign-in or otherwise use the authentication methods.",Read and write all users' passkey methods.
834bcc1c-762f-41b0-bb91-1cdc323ee4bf,UserTeamwork.Read,User,Allows the app to read the teamwork settings of the signed-in user.,Read user teamwork settings
27470298-d3b8-4b9c-aad4-6334312a3eac,VirtualAppointment.Read,User Administrator,Allows an application to read virtual appointments for the signed-in user. Only an organizer or participant user can read their virtual appointments.ï¿½?ï¿½ï¿½,Read a user's virtual appointments
2ccc2926-a528-4b17-b8bb-860eed29d64c,VirtualAppointment.ReadWrite,Teams Administrator,Allows an application to read and write virtual appointments for the signed-in user. Only an organizer or participant user can read and write their virtual appointments.ï¿½?ï¿½,Read and write a user's virtual appointmentsï¿½?ï¿½ï¿½
20d02fff-a0ef-49e7-a46e-019d4a6523b7,VirtualAppointmentNotification.Send,User,Allows an application to send notifications for virtual appointments for the signed-in user.,Send notification regarding virtual appointments for the signed-in user
6b616635-ae58-433a-a918-8c45e4f304dc,VirtualEvent.Read,Global Reader,Allows the app to read virtual events created by you,Read your virtual events
d38d189c-e29b-4344-8b3b-829bfa81380b,VirtualEvent.ReadWrite,Teams Administrator,Allows the app to read and write virtual events for you,Read and write your virtual events
11776c0c-6138-4db3-a668-ee621bea2555,WindowsUpdates.ReadWrite.All,Windows Update Deployment Administrator,Allows the app to read and write all Windows update deployment settings for the organization on behalf of the signed-in user.,Read and write all Windows update deployment settings
f1ccd5a7-6383-466a-8db8-1a656f7d06fa,WorkforceIntegration.Read.All,Global Reader,"Allows the app to read workforce integrations, to synchronize data from Microsoft Teams Shifts, on behalf of the signed-in user.",Read workforce integrations
08c4b377-0d23-4a8b-be2a-23c1c1d88545,WorkforceIntegration.ReadWrite.All,Teams Administrator,"Allows the app to manage workforce integrations, to synchronize data from Microsoft Teams Shifts, on behalf of the signed-in user.",Read and write workforce integrations
